[2026-06-27 12:40:08] INFO     cv_attendance.vision.face_detector: Loading InsightFace model 'buffalo_l'...
[2026-06-27 12:43:06] INFO     cv_attendance.vision.face_detector: Loading InsightFace model 'buffalo_l'...
[2026-06-27 12:43:37] INFO     cv_attendance.vision.face_detector: PyTorch CUDA check: torch=2.5.1+cu121, cuda=12.1, cuda_available=True, gpu=NVIDIA GeForce RTX 3050 6GB Laptop GPU
[2026-06-27 12:43:37] INFO     cv_attendance.vision.face_detector: PyTorch CUDA warm-up berhasil.
[2026-06-27 12:43:37] INFO     cv_attendance.vision.face_detector: ONNX Runtime preload_dlls tidak tersedia pada versi ini. Lanjut pakai PyTorch CUDA preload.
[2026-06-27 12:43:37] INFO     cv_attendance.vision.face_detector: ONNX Runtime available providers: ['TensorrtExecutionProvider', 'CUDAExecutionProvider', 'CPUExecutionProvider']
[2026-06-27 12:43:37] INFO     cv_attendance.vision.face_detector: InsightFace requested providers: [('CUDAExecutionProvider', {'device_id': 0, 'arena_extend_strategy': 'kNextPowerOfTwo', 'cudnn_conv_algo_search': 'EXHAUSTIVE', 'do_copy_in_default_stream': True}), 'CPUExecutionProvider']
[2026-06-27 12:43:43] INFO     cv_attendance.vision.face_detector: InsightFace real active providers: ['CPUExecutionProvider', 'CUDAExecutionProvider']
[2026-06-27 12:43:43] INFO     cv_attendance.vision.face_detector: InsightFace model benar-benar aktif dengan GPU CUDA. GPU_DEVICE_ID=0, det_size=(928, 512)
[2026-06-27 12:43:43] INFO     cv_attendance.vision.face_matcher: FaceMatcher: 11 embedding dimuat
[2026-06-27 12:43:43] INFO     cv_attendance.cv_engine: [SessionManager] WorshipSession dibuat: id=19 | 'Ibadah Raya Sabat'
[2026-06-27 12:43:43] INFO     cv_attendance.cv_engine: [SessionManager] Pre-populated 2 attendance rows untuk session_id=19
[2026-06-27 12:43:50] INFO     cv_attendance.cv_engine: [CameraThread] Dimulai.
[2026-06-27 12:43:50] INFO     cv_attendance.cv_engine: [DBWriter] Dimulai.
[2026-06-27 12:43:50] INFO     cv_attendance.cv_engine: [SessionManager] Sesi 'Ibadah Raya Sabat' dimulai. session_id=19 | 11 embedding dimuat.
[2026-06-27 12:43:50] INFO     cv_attendance.cv_engine: [AttendanceFramePipeline] original=5120x1440 | after_crop=2472x1348 | final_ai=923x503 | source_crop=True | ai_resize=True
[2026-06-27 12:44:01] INFO     cv_attendance.cv_engine: [AttendanceFramePipeline] original=5120x1440 | after_crop=2472x1348 | final_ai=923x503 | source_crop=True | ai_resize=True
[2026-06-27 12:44:03] INFO     cv_attendance.cv_engine: [DBWriter] KNOWN check-in: member_id=2 | timeline_id=252 | session_id=19
[2026-06-27 12:44:07] INFO     cv_attendance.cv_engine: [AttendanceFramePipeline] original=5120x1440 | after_crop=2472x1348 | final_ai=923x503 | source_crop=True | ai_resize=True
[2026-06-27 12:45:11] INFO     cv_attendance.cv_engine: [CameraThread] Selesai.
[2026-06-27 12:45:11] INFO     cv_attendance.cv_engine: [DBWriter] Selesai.
[2026-06-27 12:45:11] INFO     cv_attendance.cv_engine: [SessionManager] WorshipSession 19 ditutup
[2026-06-27 12:45:12] INFO     cv_attendance.cv_engine: [SessionManager] Sesi 'Ibadah Raya Sabat' dihentikan.
[2026-06-27 12:45:23] INFO     cv_attendance.vision.face_matcher: FaceMatcher: 11 embedding dimuat
[2026-06-27 12:45:23] INFO     cv_attendance.cv_engine: [SessionManager] WorshipSession dibuat: id=20 | 'Ibadah Raya Sabat-2'
[2026-06-27 12:45:23] INFO     cv_attendance.cv_engine: [SessionManager] Pre-populated 2 attendance rows untuk session_id=20
[2026-06-27 12:45:29] INFO     cv_attendance.cv_engine: [CameraThread] Dimulai.
[2026-06-27 12:45:29] INFO     cv_attendance.cv_engine: [DBWriter] Dimulai.
[2026-06-27 12:45:29] INFO     cv_attendance.cv_engine: [SessionManager] Sesi 'Ibadah Raya Sabat-2' dimulai. session_id=20 | 11 embedding dimuat.
[2026-06-27 12:45:29] INFO     cv_attendance.cv_engine: [AttendanceFramePipeline] original=5120x1440 | after_crop=2472x1348 | final_ai=923x503 | source_crop=True | ai_resize=True
[2026-06-27 12:45:34] INFO     cv_attendance.cv_engine: [AttendanceFramePipeline] original=5120x1440 | after_crop=2472x1348 | final_ai=923x503 | source_crop=True | ai_resize=True
[2026-06-27 12:45:39] INFO     cv_attendance.cv_engine: [AttendanceFramePipeline] original=5120x1440 | after_crop=2472x1348 | final_ai=923x503 | source_crop=True | ai_resize=True
[2026-06-27 12:45:44] INFO     cv_attendance.cv_engine: [AttendanceFramePipeline] original=5120x1440 | after_crop=2472x1348 | final_ai=923x503 | source_crop=True | ai_resize=True
[2026-06-27 12:45:49] INFO     cv_attendance.cv_engine: [AttendanceFramePipeline] original=5120x1440 | after_crop=2472x1348 | final_ai=923x503 | source_crop=True | ai_resize=True
[2026-06-27 12:45:54] INFO     cv_attendance.cv_engine: [AttendanceFramePipeline] original=5120x1440 | after_crop=2472x1348 | final_ai=923x503 | source_crop=True | ai_resize=True
[2026-06-27 12:46:00] INFO     cv_attendance.cv_engine: [AttendanceFramePipeline] original=5120x1440 | after_crop=2472x1348 | final_ai=923x503 | source_crop=True | ai_resize=True
[2026-06-27 12:46:05] INFO     cv_attendance.cv_engine: [AttendanceFramePipeline] original=5120x1440 | after_crop=2472x1348 | final_ai=923x503 | source_crop=True | ai_resize=True
[2026-06-27 12:46:10] INFO     cv_attendance.cv_engine: [AttendanceFramePipeline] original=5120x1440 | after_crop=2472x1348 | final_ai=923x503 | source_crop=True | ai_resize=True
[2026-06-27 12:46:15] INFO     cv_attendance.cv_engine: [AttendanceFramePipeline] original=5120x1440 | after_crop=2472x1348 | final_ai=923x503 | source_crop=True | ai_resize=True
[2026-06-27 12:46:20] INFO     cv_attendance.cv_engine: [AttendanceFramePipeline] original=5120x1440 | after_crop=2472x1348 | final_ai=923x503 | source_crop=True | ai_resize=True
[2026-06-27 12:46:25] INFO     cv_attendance.cv_engine: [AttendanceFramePipeline] original=5120x1440 | after_crop=2472x1348 | final_ai=923x503 | source_crop=True | ai_resize=True
[2026-06-27 12:46:30] INFO     cv_attendance.cv_engine: [AttendanceFramePipeline] original=5120x1440 | after_crop=2472x1348 | final_ai=923x503 | source_crop=True | ai_resize=True
[2026-06-27 12:46:35] INFO     cv_attendance.cv_engine: [AttendanceFramePipeline] original=5120x1440 | after_crop=2472x1348 | final_ai=923x503 | source_crop=True | ai_resize=True
[2026-06-27 12:46:40] INFO     cv_attendance.cv_engine: [AttendanceFramePipeline] original=5120x1440 | after_crop=2472x1348 | final_ai=923x503 | source_crop=True | ai_resize=True
[2026-06-27 12:46:45] INFO     cv_attendance.cv_engine: [AttendanceFramePipeline] original=5120x1440 | after_crop=2472x1348 | final_ai=923x503 | source_crop=True | ai_resize=True
[2026-06-27 12:46:50] INFO     cv_attendance.cv_engine: [AttendanceFramePipeline] original=5120x1440 | after_crop=2472x1348 | final_ai=923x503 | source_crop=True | ai_resize=True
[2026-06-27 12:46:55] INFO     cv_attendance.cv_engine: [AttendanceFramePipeline] original=5120x1440 | after_crop=2472x1348 | final_ai=923x503 | source_crop=True | ai_resize=True
[2026-06-27 12:47:01] INFO     cv_attendance.cv_engine: [AttendanceFramePipeline] original=5120x1440 | after_crop=2472x1348 | final_ai=923x503 | source_crop=True | ai_resize=True
[2026-06-27 12:47:06] INFO     cv_attendance.cv_engine: [AttendanceFramePipeline] original=5120x1440 | after_crop=2472x1348 | final_ai=923x503 | source_crop=True | ai_resize=True
[2026-06-27 12:47:11] INFO     cv_attendance.cv_engine: [AttendanceFramePipeline] original=5120x1440 | after_crop=2472x1348 | final_ai=923x503 | source_crop=True | ai_resize=True
[2026-06-27 12:47:16] INFO     cv_attendance.cv_engine: [AttendanceFramePipeline] original=5120x1440 | after_crop=2472x1348 | final_ai=923x503 | source_crop=True | ai_resize=True
[2026-06-27 12:47:21] INFO     cv_attendance.cv_engine: [AttendanceFramePipeline] original=5120x1440 | after_crop=2472x1348 | final_ai=923x503 | source_crop=True | ai_resize=True
[2026-06-27 12:47:24] INFO     cv_attendance.cv_engine: [DBWriter] KNOWN check-in: member_id=2 | timeline_id=413 | session_id=20
[2026-06-27 12:47:26] INFO     cv_attendance.cv_engine: [AttendanceFramePipeline] original=5120x1440 | after_crop=2472x1348 | final_ai=923x503 | source_crop=True | ai_resize=True
[2026-06-27 12:47:31] INFO     cv_attendance.cv_engine: [AttendanceFramePipeline] original=5120x1440 | after_crop=2472x1348 | final_ai=923x503 | source_crop=True | ai_resize=True
[2026-06-27 12:47:36] INFO     cv_attendance.cv_engine: [AttendanceFramePipeline] original=5120x1440 | after_crop=2472x1348 | final_ai=923x503 | source_crop=True | ai_resize=True
[2026-06-27 12:47:42] INFO     cv_attendance.cv_engine: [AttendanceFramePipeline] original=5120x1440 | after_crop=2472x1348 | final_ai=923x503 | source_crop=True | ai_resize=True
[2026-06-27 12:47:47] INFO     cv_attendance.cv_engine: [AttendanceFramePipeline] original=5120x1440 | after_crop=2472x1348 | final_ai=923x503 | source_crop=True | ai_resize=True
[2026-06-27 12:47:52] INFO     cv_attendance.cv_engine: [AttendanceFramePipeline] original=5120x1440 | after_crop=2472x1348 | final_ai=923x503 | source_crop=True | ai_resize=True
[2026-06-27 12:47:57] INFO     cv_attendance.cv_engine: [AttendanceFramePipeline] original=5120x1440 | after_crop=2472x1348 | final_ai=923x503 | source_crop=True | ai_resize=True
[2026-06-27 12:48:02] INFO     cv_attendance.cv_engine: [AttendanceFramePipeline] original=5120x1440 | after_crop=2472x1348 | final_ai=923x503 | source_crop=True | ai_resize=True
[2026-06-27 12:48:07] INFO     cv_attendance.cv_engine: [AttendanceFramePipeline] original=5120x1440 | after_crop=2472x1348 | final_ai=923x503 | source_crop=True | ai_resize=True
[2026-06-27 12:48:13] INFO     cv_attendance.cv_engine: [AttendanceFramePipeline] original=5120x1440 | after_crop=2472x1348 | final_ai=923x503 | source_crop=True | ai_resize=True
[2026-06-27 12:48:18] INFO     cv_attendance.cv_engine: [AttendanceFramePipeline] original=5120x1440 | after_crop=2472x1348 | final_ai=923x503 | source_crop=True | ai_resize=True
[2026-06-27 12:48:23] INFO     cv_attendance.cv_engine: [AttendanceFramePipeline] original=5120x1440 | after_crop=2472x1348 | final_ai=923x503 | source_crop=True | ai_resize=True
[2026-06-27 12:48:28] INFO     cv_attendance.cv_engine: [AttendanceFramePipeline] original=5120x1440 | after_crop=2472x1348 | final_ai=923x503 | source_crop=True | ai_resize=True
[2026-06-27 12:48:33] INFO     cv_attendance.cv_engine: [AttendanceFramePipeline] original=5120x1440 | after_crop=2472x1348 | final_ai=923x503 | source_crop=True | ai_resize=True
[2026-06-27 12:48:39] INFO     cv_attendance.cv_engine: [AttendanceFramePipeline] original=5120x1440 | after_crop=2472x1348 | final_ai=923x503 | source_crop=True | ai_resize=True
[2026-06-27 12:48:44] INFO     cv_attendance.cv_engine: [AttendanceFramePipeline] original=5120x1440 | after_crop=2472x1348 | final_ai=923x503 | source_crop=True | ai_resize=True
[2026-06-27 12:48:49] INFO     cv_attendance.cv_engine: [AttendanceFramePipeline] original=5120x1440 | after_crop=2472x1348 | final_ai=923x503 | source_crop=True | ai_resize=True
[2026-06-27 12:48:54] INFO     cv_attendance.cv_engine: [AttendanceFramePipeline] original=5120x1440 | after_crop=2472x1348 | final_ai=923x503 | source_crop=True | ai_resize=True
[2026-06-27 12:48:59] INFO     cv_attendance.cv_engine: [AttendanceFramePipeline] original=5120x1440 | after_crop=2472x1348 | final_ai=923x503 | source_crop=True | ai_resize=True
[2026-06-27 12:49:04] INFO     cv_attendance.cv_engine: [AttendanceFramePipeline] original=5120x1440 | after_crop=2472x1348 | final_ai=923x503 | source_crop=True | ai_resize=True
[2026-06-27 12:49:09] INFO     cv_attendance.cv_engine: [AttendanceFramePipeline] original=5120x1440 | after_crop=2472x1348 | final_ai=923x503 | source_crop=True | ai_resize=True
[2026-06-27 12:49:14] INFO     cv_attendance.cv_engine: [AttendanceFramePipeline] original=5120x1440 | after_crop=2472x1348 | final_ai=923x503 | source_crop=True | ai_resize=True
[2026-06-27 12:49:19] INFO     cv_attendance.cv_engine: [AttendanceFramePipeline] original=5120x1440 | after_crop=2472x1348 | final_ai=923x503 | source_crop=True | ai_resize=True
[2026-06-27 12:49:24] INFO     cv_attendance.cv_engine: [AttendanceFramePipeline] original=5120x1440 | after_crop=2472x1348 | final_ai=923x503 | source_crop=True | ai_resize=True
[2026-06-27 12:49:30] INFO     cv_attendance.cv_engine: [AttendanceFramePipeline] original=5120x1440 | after_crop=2472x1348 | final_ai=923x503 | source_crop=True | ai_resize=True
[2026-06-27 12:49:35] INFO     cv_attendance.cv_engine: [AttendanceFramePipeline] original=5120x1440 | after_crop=2472x1348 | final_ai=923x503 | source_crop=True | ai_resize=True
[2026-06-27 12:49:40] INFO     cv_attendance.cv_engine: [AttendanceFramePipeline] original=5120x1440 | after_crop=2472x1348 | final_ai=923x503 | source_crop=True | ai_resize=True
[2026-06-27 12:49:45] INFO     cv_attendance.cv_engine: [AttendanceFramePipeline] original=5120x1440 | after_crop=2472x1348 | final_ai=923x503 | source_crop=True | ai_resize=True
[2026-06-27 12:49:51] INFO     cv_attendance.cv_engine: [AttendanceFramePipeline] original=5120x1440 | after_crop=2472x1348 | final_ai=923x503 | source_crop=True | ai_resize=True
[2026-06-27 12:49:56] INFO     cv_attendance.cv_engine: [AttendanceFramePipeline] original=5120x1440 | after_crop=2472x1348 | final_ai=923x503 | source_crop=True | ai_resize=True
[2026-06-27 12:50:01] INFO     cv_attendance.cv_engine: [AttendanceFramePipeline] original=5120x1440 | after_crop=2472x1348 | final_ai=923x503 | source_crop=True | ai_resize=True
[2026-06-27 12:50:06] INFO     cv_attendance.cv_engine: [AttendanceFramePipeline] original=5120x1440 | after_crop=2472x1348 | final_ai=923x503 | source_crop=True | ai_resize=True
[2026-06-27 12:50:11] INFO     cv_attendance.cv_engine: [AttendanceFramePipeline] original=5120x1440 | after_crop=2472x1348 | final_ai=923x503 | source_crop=True | ai_resize=True
[2026-06-27 12:50:16] INFO     cv_attendance.cv_engine: [AttendanceFramePipeline] original=5120x1440 | after_crop=2472x1348 | final_ai=923x503 | source_crop=True | ai_resize=True
[2026-06-27 12:50:22] INFO     cv_attendance.cv_engine: [AttendanceFramePipeline] original=5120x1440 | after_crop=2472x1348 | final_ai=923x503 | source_crop=True | ai_resize=True
[2026-06-27 12:50:27] INFO     cv_attendance.cv_engine: [AttendanceFramePipeline] original=5120x1440 | after_crop=2472x1348 | final_ai=923x503 | source_crop=True | ai_resize=True
[2026-06-27 12:50:32] INFO     cv_attendance.cv_engine: [AttendanceFramePipeline] original=5120x1440 | after_crop=2472x1348 | final_ai=923x503 | source_crop=True | ai_resize=True
[2026-06-27 12:50:37] INFO     cv_attendance.cv_engine: [AttendanceFramePipeline] original=5120x1440 | after_crop=2472x1348 | final_ai=923x503 | source_crop=True | ai_resize=True
[2026-06-27 12:50:42] INFO     cv_attendance.cv_engine: [AttendanceFramePipeline] original=5120x1440 | after_crop=2472x1348 | final_ai=923x503 | source_crop=True | ai_resize=True
[2026-06-27 12:50:47] INFO     cv_attendance.cv_engine: [AttendanceFramePipeline] original=5120x1440 | after_crop=2472x1348 | final_ai=923x503 | source_crop=True | ai_resize=True
[2026-06-27 12:50:52] INFO     cv_attendance.cv_engine: [AttendanceFramePipeline] original=5120x1440 | after_crop=2472x1348 | final_ai=923x503 | source_crop=True | ai_resize=True
[2026-06-27 12:50:57] INFO     cv_attendance.cv_engine: [AttendanceFramePipeline] original=5120x1440 | after_crop=2472x1348 | final_ai=923x503 | source_crop=True | ai_resize=True
[2026-06-27 12:51:02] INFO     cv_attendance.cv_engine: [AttendanceFramePipeline] original=5120x1440 | after_crop=2472x1348 | final_ai=923x503 | source_crop=True | ai_resize=True
[2026-06-27 12:51:08] INFO     cv_attendance.cv_engine: [AttendanceFramePipeline] original=5120x1440 | after_crop=2472x1348 | final_ai=923x503 | source_crop=True | ai_resize=True
[2026-06-27 12:51:13] INFO     cv_attendance.cv_engine: [AttendanceFramePipeline] original=5120x1440 | after_crop=2472x1348 | final_ai=923x503 | source_crop=True | ai_resize=True
[2026-06-27 12:51:18] INFO     cv_attendance.cv_engine: [AttendanceFramePipeline] original=5120x1440 | after_crop=2472x1348 | final_ai=923x503 | source_crop=True | ai_resize=True
[2026-06-27 12:51:23] INFO     cv_attendance.cv_engine: [AttendanceFramePipeline] original=5120x1440 | after_crop=2472x1348 | final_ai=923x503 | source_crop=True | ai_resize=True
[2026-06-27 12:51:28] INFO     cv_attendance.cv_engine: [AttendanceFramePipeline] original=5120x1440 | after_crop=2472x1348 | final_ai=923x503 | source_crop=True | ai_resize=True
[2026-06-27 12:51:33] INFO     cv_attendance.cv_engine: [AttendanceFramePipeline] original=5120x1440 | after_crop=2472x1348 | final_ai=923x503 | source_crop=True | ai_resize=True
[2026-06-27 12:51:39] INFO     cv_attendance.cv_engine: [AttendanceFramePipeline] original=5120x1440 | after_crop=2472x1348 | final_ai=923x503 | source_crop=True | ai_resize=True
[2026-06-27 12:51:44] INFO     cv_attendance.cv_engine: [AttendanceFramePipeline] original=5120x1440 | after_crop=2472x1348 | final_ai=923x503 | source_crop=True | ai_resize=True
[2026-06-27 12:51:49] INFO     cv_attendance.cv_engine: [AttendanceFramePipeline] original=5120x1440 | after_crop=2472x1348 | final_ai=923x503 | source_crop=True | ai_resize=True
[2026-06-27 12:51:54] INFO     cv_attendance.cv_engine: [AttendanceFramePipeline] original=5120x1440 | after_crop=2472x1348 | final_ai=923x503 | source_crop=True | ai_resize=True
[2026-06-27 12:51:59] INFO     cv_attendance.cv_engine: [AttendanceFramePipeline] original=5120x1440 | after_crop=2472x1348 | final_ai=923x503 | source_crop=True | ai_resize=True
[2026-06-27 12:52:04] INFO     cv_attendance.cv_engine: [AttendanceFramePipeline] original=5120x1440 | after_crop=2472x1348 | final_ai=923x503 | source_crop=True | ai_resize=True
[2026-06-27 12:52:09] INFO     cv_attendance.cv_engine: [AttendanceFramePipeline] original=5120x1440 | after_crop=2472x1348 | final_ai=923x503 | source_crop=True | ai_resize=True
[2026-06-27 12:52:14] INFO     cv_attendance.cv_engine: [AttendanceFramePipeline] original=5120x1440 | after_crop=2472x1348 | final_ai=923x503 | source_crop=True | ai_resize=True
[2026-06-27 12:52:19] INFO     cv_attendance.cv_engine: [AttendanceFramePipeline] original=5120x1440 | after_crop=2472x1348 | final_ai=923x503 | source_crop=True | ai_resize=True
[2026-06-27 12:52:25] INFO     cv_attendance.cv_engine: [AttendanceFramePipeline] original=5120x1440 | after_crop=2472x1348 | final_ai=923x503 | source_crop=True | ai_resize=True
[2026-06-27 12:52:30] INFO     cv_attendance.cv_engine: [AttendanceFramePipeline] original=5120x1440 | after_crop=2472x1348 | final_ai=923x503 | source_crop=True | ai_resize=True
[2026-06-27 12:52:35] INFO     cv_attendance.cv_engine: [AttendanceFramePipeline] original=5120x1440 | after_crop=2472x1348 | final_ai=923x503 | source_crop=True | ai_resize=True
[2026-06-27 12:52:40] INFO     cv_attendance.cv_engine: [AttendanceFramePipeline] original=5120x1440 | after_crop=2472x1348 | final_ai=923x503 | source_crop=True | ai_resize=True
[2026-06-27 12:52:45] INFO     cv_attendance.cv_engine: [AttendanceFramePipeline] original=5120x1440 | after_crop=2472x1348 | final_ai=923x503 | source_crop=True | ai_resize=True
[2026-06-27 12:52:50] INFO     cv_attendance.cv_engine: [AttendanceFramePipeline] original=5120x1440 | after_crop=2472x1348 | final_ai=923x503 | source_crop=True | ai_resize=True
[2026-06-27 12:52:55] INFO     cv_attendance.cv_engine: [AttendanceFramePipeline] original=5120x1440 | after_crop=2472x1348 | final_ai=923x503 | source_crop=True | ai_resize=True
[2026-06-27 12:53:00] INFO     cv_attendance.cv_engine: [AttendanceFramePipeline] original=5120x1440 | after_crop=2472x1348 | final_ai=923x503 | source_crop=True | ai_resize=True
[2026-06-27 12:53:06] INFO     cv_attendance.cv_engine: [AttendanceFramePipeline] original=5120x1440 | after_crop=2472x1348 | final_ai=923x503 | source_crop=True | ai_resize=True
[2026-06-27 12:53:11] INFO     cv_attendance.cv_engine: [AttendanceFramePipeline] original=5120x1440 | after_crop=2472x1348 | final_ai=923x503 | source_crop=True | ai_resize=True
[2026-06-27 12:53:16] INFO     cv_attendance.cv_engine: [AttendanceFramePipeline] original=5120x1440 | after_crop=2472x1348 | final_ai=923x503 | source_crop=True | ai_resize=True
[2026-06-27 12:53:21] INFO     cv_attendance.cv_engine: [AttendanceFramePipeline] original=5120x1440 | after_crop=2472x1348 | final_ai=923x503 | source_crop=True | ai_resize=True
[2026-06-27 12:53:26] INFO     cv_attendance.cv_engine: [AttendanceFramePipeline] original=5120x1440 | after_crop=2472x1348 | final_ai=923x503 | source_crop=True | ai_resize=True
[2026-06-27 12:53:31] INFO     cv_attendance.cv_engine: [AttendanceFramePipeline] original=5120x1440 | after_crop=2472x1348 | final_ai=923x503 | source_crop=True | ai_resize=True
[2026-06-27 12:53:36] INFO     cv_attendance.cv_engine: [AttendanceFramePipeline] original=5120x1440 | after_crop=2472x1348 | final_ai=923x503 | source_crop=True | ai_resize=True
[2026-06-27 12:53:42] INFO     cv_attendance.cv_engine: [AttendanceFramePipeline] original=5120x1440 | after_crop=2472x1348 | final_ai=923x503 | source_crop=True | ai_resize=True
[2026-06-27 12:53:47] INFO     cv_attendance.cv_engine: [AttendanceFramePipeline] original=5120x1440 | after_crop=2472x1348 | final_ai=923x503 | source_crop=True | ai_resize=True
[2026-06-27 12:53:52] INFO     cv_attendance.cv_engine: [AttendanceFramePipeline] original=5120x1440 | after_crop=2472x1348 | final_ai=923x503 | source_crop=True | ai_resize=True
[2026-06-27 12:53:57] INFO     cv_attendance.cv_engine: [AttendanceFramePipeline] original=5120x1440 | after_crop=2472x1348 | final_ai=923x503 | source_crop=True | ai_resize=True
[2026-06-27 12:54:02] INFO     cv_attendance.cv_engine: [AttendanceFramePipeline] original=5120x1440 | after_crop=2472x1348 | final_ai=923x503 | source_crop=True | ai_resize=True
[2026-06-27 12:54:07] INFO     cv_attendance.cv_engine: [AttendanceFramePipeline] original=5120x1440 | after_crop=2472x1348 | final_ai=923x503 | source_crop=True | ai_resize=True
[2026-06-27 12:54:12] INFO     cv_attendance.cv_engine: [AttendanceFramePipeline] original=5120x1440 | after_crop=2472x1348 | final_ai=923x503 | source_crop=True | ai_resize=True
[2026-06-27 12:54:17] INFO     cv_attendance.cv_engine: [AttendanceFramePipeline] original=5120x1440 | after_crop=2472x1348 | final_ai=923x503 | source_crop=True | ai_resize=True
[2026-06-27 12:54:23] INFO     cv_attendance.cv_engine: [AttendanceFramePipeline] original=5120x1440 | after_crop=2472x1348 | final_ai=923x503 | source_crop=True | ai_resize=True
[2026-06-27 12:54:28] INFO     cv_attendance.cv_engine: [AttendanceFramePipeline] original=5120x1440 | after_crop=2472x1348 | final_ai=923x503 | source_crop=True | ai_resize=True
[2026-06-27 12:54:33] INFO     cv_attendance.cv_engine: [AttendanceFramePipeline] original=5120x1440 | after_crop=2472x1348 | final_ai=923x503 | source_crop=True | ai_resize=True
[2026-06-27 12:54:38] INFO     cv_attendance.cv_engine: [AttendanceFramePipeline] original=5120x1440 | after_crop=2472x1348 | final_ai=923x503 | source_crop=True | ai_resize=True
[2026-06-27 12:54:43] INFO     cv_attendance.cv_engine: [AttendanceFramePipeline] original=5120x1440 | after_crop=2472x1348 | final_ai=923x503 | source_crop=True | ai_resize=True
[2026-06-27 12:54:48] INFO     cv_attendance.cv_engine: [AttendanceFramePipeline] original=5120x1440 | after_crop=2472x1348 | final_ai=923x503 | source_crop=True | ai_resize=True
[2026-06-27 12:54:53] INFO     cv_attendance.cv_engine: [AttendanceFramePipeline] original=5120x1440 | after_crop=2472x1348 | final_ai=923x503 | source_crop=True | ai_resize=True
[2026-06-27 12:54:59] INFO     cv_attendance.cv_engine: [AttendanceFramePipeline] original=5120x1440 | after_crop=2472x1348 | final_ai=923x503 | source_crop=True | ai_resize=True
[2026-06-27 12:55:04] INFO     cv_attendance.cv_engine: [AttendanceFramePipeline] original=5120x1440 | after_crop=2472x1348 | final_ai=923x503 | source_crop=True | ai_resize=True
[2026-06-27 12:55:09] INFO     cv_attendance.cv_engine: [AttendanceFramePipeline] original=5120x1440 | after_crop=2472x1348 | final_ai=923x503 | source_crop=True | ai_resize=True
[2026-06-27 12:55:14] INFO     cv_attendance.cv_engine: [AttendanceFramePipeline] original=5120x1440 | after_crop=2472x1348 | final_ai=923x503 | source_crop=True | ai_resize=True
[2026-06-27 12:55:20] INFO     cv_attendance.cv_engine: [AttendanceFramePipeline] original=5120x1440 | after_crop=2472x1348 | final_ai=923x503 | source_crop=True | ai_resize=True
[2026-06-27 12:55:25] INFO     cv_attendance.cv_engine: [AttendanceFramePipeline] original=5120x1440 | after_crop=2472x1348 | final_ai=923x503 | source_crop=True | ai_resize=True
[2026-06-27 12:55:30] INFO     cv_attendance.cv_engine: [AttendanceFramePipeline] original=5120x1440 | after_crop=2472x1348 | final_ai=923x503 | source_crop=True | ai_resize=True
[2026-06-27 12:55:35] INFO     cv_attendance.cv_engine: [AttendanceFramePipeline] original=5120x1440 | after_crop=2472x1348 | final_ai=923x503 | source_crop=True | ai_resize=True
[2026-06-27 12:55:40] INFO     cv_attendance.cv_engine: [AttendanceFramePipeline] original=5120x1440 | after_crop=2472x1348 | final_ai=923x503 | source_crop=True | ai_resize=True
[2026-06-27 12:55:45] INFO     cv_attendance.cv_engine: [AttendanceFramePipeline] original=5120x1440 | after_crop=2472x1348 | final_ai=923x503 | source_crop=True | ai_resize=True
[2026-06-27 12:55:50] INFO     cv_attendance.cv_engine: [AttendanceFramePipeline] original=5120x1440 | after_crop=2472x1348 | final_ai=923x503 | source_crop=True | ai_resize=True
[2026-06-27 12:55:56] INFO     cv_attendance.cv_engine: [AttendanceFramePipeline] original=5120x1440 | after_crop=2472x1348 | final_ai=923x503 | source_crop=True | ai_resize=True
[2026-06-27 12:56:01] INFO     cv_attendance.cv_engine: [AttendanceFramePipeline] original=5120x1440 | after_crop=2472x1348 | final_ai=923x503 | source_crop=True | ai_resize=True
[2026-06-27 12:56:06] INFO     cv_attendance.cv_engine: [AttendanceFramePipeline] original=5120x1440 | after_crop=2472x1348 | final_ai=923x503 | source_crop=True | ai_resize=True
[2026-06-27 12:56:11] INFO     cv_attendance.cv_engine: [AttendanceFramePipeline] original=5120x1440 | after_crop=2472x1348 | final_ai=923x503 | source_crop=True | ai_resize=True
[2026-06-27 12:56:17] INFO     cv_attendance.cv_engine: [AttendanceFramePipeline] original=5120x1440 | after_crop=2472x1348 | final_ai=923x503 | source_crop=True | ai_resize=True
[2026-06-27 12:56:22] INFO     cv_attendance.cv_engine: [AttendanceFramePipeline] original=5120x1440 | after_crop=2472x1348 | final_ai=923x503 | source_crop=True | ai_resize=True
[2026-06-27 12:56:27] INFO     cv_attendance.cv_engine: [AttendanceFramePipeline] original=5120x1440 | after_crop=2472x1348 | final_ai=923x503 | source_crop=True | ai_resize=True
[2026-06-27 12:56:32] INFO     cv_attendance.cv_engine: [AttendanceFramePipeline] original=5120x1440 | after_crop=2472x1348 | final_ai=923x503 | source_crop=True | ai_resize=True
[2026-06-27 12:56:37] INFO     cv_attendance.cv_engine: [AttendanceFramePipeline] original=5120x1440 | after_crop=2472x1348 | final_ai=923x503 | source_crop=True | ai_resize=True
[2026-06-27 15:29:16] INFO     cv_attendance.vision.face_detector: Loading InsightFace model 'buffalo_l'...
[2026-06-27 15:30:28] INFO     cv_attendance.vision.face_detector: PyTorch CUDA check: torch=2.5.1+cu121, cuda=12.1, cuda_available=True, gpu=NVIDIA GeForce RTX 3050 6GB Laptop GPU
[2026-06-27 15:30:29] INFO     cv_attendance.vision.face_detector: PyTorch CUDA warm-up berhasil.
[2026-06-27 15:30:29] INFO     cv_attendance.vision.face_detector: ONNX Runtime preload_dlls tidak tersedia pada versi ini. Lanjut pakai PyTorch CUDA preload.
[2026-06-27 15:30:29] INFO     cv_attendance.vision.face_detector: ONNX Runtime available providers: ['TensorrtExecutionProvider', 'CUDAExecutionProvider', 'CPUExecutionProvider']
[2026-06-27 15:30:29] INFO     cv_attendance.vision.face_detector: InsightFace requested providers: [('CUDAExecutionProvider', {'device_id': 0, 'arena_extend_strategy': 'kNextPowerOfTwo', 'cudnn_conv_algo_search': 'EXHAUSTIVE', 'do_copy_in_default_stream': True}), 'CPUExecutionProvider']
[2026-06-27 15:30:38] INFO     cv_attendance.vision.face_detector: InsightFace real active providers: ['CPUExecutionProvider', 'CUDAExecutionProvider']
[2026-06-27 15:30:38] INFO     cv_attendance.vision.face_detector: InsightFace model benar-benar aktif dengan GPU CUDA. GPU_DEVICE_ID=0, det_size=(928, 512)
[2026-06-27 15:30:38] INFO     cv_attendance.vision.face_matcher: FaceMatcher: 11 embedding dimuat
[2026-06-27 15:30:38] INFO     cv_attendance.cv_engine: [SessionManager] WorshipSession dibuat: id=21 | 'Ibadah Raya Sabat'
[2026-06-27 15:30:38] INFO     cv_attendance.cv_engine: [SessionManager] Pre-populated 2 attendance rows untuk session_id=21
[2026-06-27 15:30:44] INFO     cv_attendance.cv_engine: [CameraThread] Dimulai.
[2026-06-27 15:30:44] INFO     cv_attendance.cv_engine: [DBWriter] Dimulai.
[2026-06-27 15:30:44] INFO     cv_attendance.cv_engine: [SessionManager] Sesi 'Ibadah Raya Sabat' dimulai. session_id=21 | 11 embedding dimuat.
[2026-06-27 15:30:44] INFO     cv_attendance.cv_engine: [AttendanceFramePipeline] original=5120x1440 | after_crop=2472x1348 | final_ai=923x503 | source_crop=True | ai_resize=True
[2026-06-27 15:30:53] INFO     cv_attendance.cv_engine: [DBWriter] Selesai.
[2026-06-27 15:30:57] INFO     cv_attendance.cv_engine: [SessionManager] WorshipSession 21 ditutup
[2026-06-27 15:30:58] INFO     cv_attendance.cv_engine: [SessionManager] Sesi 'Ibadah Raya Sabat' dihentikan.
[2026-06-27 15:30:58] INFO     cv_attendance.cv_engine: [CameraThread] Selesai.
[2026-06-27 15:32:14] INFO     cv_attendance.vision.face_detector: Loading InsightFace model 'buffalo_l'...
[2026-06-27 15:32:36] INFO     cv_attendance.vision.face_detector: PyTorch CUDA check: torch=2.5.1+cu121, cuda=12.1, cuda_available=True, gpu=NVIDIA GeForce RTX 3050 6GB Laptop GPU
[2026-06-27 15:32:37] INFO     cv_attendance.vision.face_detector: PyTorch CUDA warm-up berhasil.
[2026-06-27 15:32:37] INFO     cv_attendance.vision.face_detector: ONNX Runtime preload_dlls tidak tersedia pada versi ini. Lanjut pakai PyTorch CUDA preload.
[2026-06-27 15:32:37] INFO     cv_attendance.vision.face_detector: ONNX Runtime available providers: ['TensorrtExecutionProvider', 'CUDAExecutionProvider', 'CPUExecutionProvider']
[2026-06-27 15:32:37] INFO     cv_attendance.vision.face_detector: InsightFace requested providers: [('CUDAExecutionProvider', {'device_id': 0, 'arena_extend_strategy': 'kNextPowerOfTwo', 'cudnn_conv_algo_search': 'EXHAUSTIVE', 'do_copy_in_default_stream': True}), 'CPUExecutionProvider']
[2026-06-27 15:32:43] INFO     cv_attendance.vision.face_detector: InsightFace real active providers: ['CPUExecutionProvider', 'CUDAExecutionProvider']
[2026-06-27 15:32:43] INFO     cv_attendance.vision.face_detector: InsightFace model benar-benar aktif dengan GPU CUDA. GPU_DEVICE_ID=0, det_size=(928, 512)
[2026-06-27 15:32:44] INFO     cv_attendance.vision.face_matcher: FaceMatcher: 11 embedding dimuat
[2026-06-27 15:32:44] INFO     cv_attendance.cv_engine: [SessionManager] WorshipSession dibuat: id=22 | 'Ibadah Raya Sabat'
[2026-06-27 15:32:44] INFO     cv_attendance.cv_engine: [SessionManager] Pre-populated 2 attendance rows untuk session_id=22
[2026-06-27 15:32:49] INFO     cv_attendance.cv_engine: [CameraThread] Dimulai.
[2026-06-27 15:32:49] INFO     cv_attendance.cv_engine: [DBWriter] Dimulai.
[2026-06-27 15:32:49] INFO     cv_attendance.cv_engine: [SessionManager] Sesi 'Ibadah Raya Sabat' dimulai. session_id=22 | 11 embedding dimuat.
[2026-06-27 15:32:49] INFO     cv_attendance.cv_engine: [AttendanceFramePipeline] original=5120x1440 | after_crop=2472x1348 | final_ai=923x503 | source_crop=True | ai_resize=True
[2026-06-27 15:32:54] INFO     cv_attendance.cv_engine: [AttendanceFramePipeline] original=5120x1440 | after_crop=2472x1348 | final_ai=923x503 | source_crop=True | ai_resize=True
[2026-06-27 15:33:00] INFO     cv_attendance.cv_engine: [AttendanceFramePipeline] original=5120x1440 | after_crop=2472x1348 | final_ai=923x503 | source_crop=True | ai_resize=True
[2026-06-27 15:33:05] INFO     cv_attendance.cv_engine: [AttendanceFramePipeline] original=5120x1440 | after_crop=2472x1348 | final_ai=923x503 | source_crop=True | ai_resize=True
[2026-06-27 15:33:10] INFO     cv_attendance.cv_engine: [AttendanceFramePipeline] original=5120x1440 | after_crop=2472x1348 | final_ai=923x503 | source_crop=True | ai_resize=True
[2026-06-27 15:33:15] INFO     cv_attendance.cv_engine: [AttendanceFramePipeline] original=5120x1440 | after_crop=2472x1348 | final_ai=923x503 | source_crop=True | ai_resize=True
[2026-06-27 15:33:20] INFO     cv_attendance.cv_engine: [AttendanceFramePipeline] original=5120x1440 | after_crop=2472x1348 | final_ai=923x503 | source_crop=True | ai_resize=True
[2026-06-27 15:33:25] INFO     cv_attendance.cv_engine: [AttendanceFramePipeline] original=5120x1440 | after_crop=2472x1348 | final_ai=923x503 | source_crop=True | ai_resize=True
[2026-06-27 15:33:30] INFO     cv_attendance.cv_engine: [AttendanceFramePipeline] original=5120x1440 | after_crop=2472x1348 | final_ai=923x503 | source_crop=True | ai_resize=True
[2026-06-27 15:33:35] INFO     cv_attendance.cv_engine: [AttendanceFramePipeline] original=5120x1440 | after_crop=2472x1348 | final_ai=923x503 | source_crop=True | ai_resize=True
[2026-06-27 15:33:40] INFO     cv_attendance.cv_engine: [AttendanceFramePipeline] original=5120x1440 | after_crop=2472x1348 | final_ai=923x503 | source_crop=True | ai_resize=True
[2026-06-27 15:33:45] INFO     cv_attendance.cv_engine: [AttendanceFramePipeline] original=5120x1440 | after_crop=2472x1348 | final_ai=923x503 | source_crop=True | ai_resize=True
[2026-06-27 15:33:51] INFO     cv_attendance.cv_engine: [AttendanceFramePipeline] original=5120x1440 | after_crop=2472x1348 | final_ai=923x503 | source_crop=True | ai_resize=True
[2026-06-27 15:33:56] INFO     cv_attendance.cv_engine: [AttendanceFramePipeline] original=5120x1440 | after_crop=2472x1348 | final_ai=923x503 | source_crop=True | ai_resize=True
[2026-06-27 15:34:01] INFO     cv_attendance.cv_engine: [AttendanceFramePipeline] original=5120x1440 | after_crop=2472x1348 | final_ai=923x503 | source_crop=True | ai_resize=True
[2026-06-27 15:34:06] INFO     cv_attendance.cv_engine: [AttendanceFramePipeline] original=5120x1440 | after_crop=2472x1348 | final_ai=923x503 | source_crop=True | ai_resize=True
[2026-06-27 15:34:12] INFO     cv_attendance.cv_engine: [AttendanceFramePipeline] original=5120x1440 | after_crop=2472x1348 | final_ai=923x503 | source_crop=True | ai_resize=True
[2026-06-27 15:34:17] INFO     cv_attendance.cv_engine: [AttendanceFramePipeline] original=5120x1440 | after_crop=2472x1348 | final_ai=923x503 | source_crop=True | ai_resize=True
[2026-06-27 15:34:22] INFO     cv_attendance.cv_engine: [AttendanceFramePipeline] original=5120x1440 | after_crop=2472x1348 | final_ai=923x503 | source_crop=True | ai_resize=True
[2026-06-27 15:34:27] INFO     cv_attendance.cv_engine: [AttendanceFramePipeline] original=5120x1440 | after_crop=2472x1348 | final_ai=923x503 | source_crop=True | ai_resize=True
[2026-06-27 15:34:32] INFO     cv_attendance.cv_engine: [AttendanceFramePipeline] original=5120x1440 | after_crop=2472x1348 | final_ai=923x503 | source_crop=True | ai_resize=True
[2026-06-27 15:34:37] INFO     cv_attendance.cv_engine: [AttendanceFramePipeline] original=5120x1440 | after_crop=2472x1348 | final_ai=923x503 | source_crop=True | ai_resize=True
[2026-06-27 15:34:42] INFO     cv_attendance.cv_engine: [AttendanceFramePipeline] original=5120x1440 | after_crop=2472x1348 | final_ai=923x503 | source_crop=True | ai_resize=True
[2026-06-27 15:34:48] INFO     cv_attendance.cv_engine: [AttendanceFramePipeline] original=5120x1440 | after_crop=2472x1348 | final_ai=923x503 | source_crop=True | ai_resize=True
[2026-06-27 15:34:53] INFO     cv_attendance.cv_engine: [AttendanceFramePipeline] original=5120x1440 | after_crop=2472x1348 | final_ai=923x503 | source_crop=True | ai_resize=True
[2026-06-27 15:34:58] INFO     cv_attendance.cv_engine: [AttendanceFramePipeline] original=5120x1440 | after_crop=2472x1348 | final_ai=923x503 | source_crop=True | ai_resize=True
[2026-06-27 15:35:03] INFO     cv_attendance.cv_engine: [AttendanceFramePipeline] original=5120x1440 | after_crop=2472x1348 | final_ai=923x503 | source_crop=True | ai_resize=True
[2026-06-27 15:35:08] INFO     cv_attendance.cv_engine: [AttendanceFramePipeline] original=5120x1440 | after_crop=2472x1348 | final_ai=923x503 | source_crop=True | ai_resize=True
[2026-06-27 15:35:13] INFO     cv_attendance.cv_engine: [AttendanceFramePipeline] original=5120x1440 | after_crop=2472x1348 | final_ai=923x503 | source_crop=True | ai_resize=True
[2026-06-27 15:35:18] INFO     cv_attendance.cv_engine: [AttendanceFramePipeline] original=5120x1440 | after_crop=2472x1348 | final_ai=923x503 | source_crop=True | ai_resize=True
[2026-06-27 15:35:23] INFO     cv_attendance.cv_engine: [AttendanceFramePipeline] original=5120x1440 | after_crop=2472x1348 | final_ai=923x503 | source_crop=True | ai_resize=True
[2026-06-27 15:35:28] INFO     cv_attendance.cv_engine: [AttendanceFramePipeline] original=5120x1440 | after_crop=2472x1348 | final_ai=923x503 | source_crop=True | ai_resize=True
[2026-06-27 15:35:33] INFO     cv_attendance.cv_engine: [AttendanceFramePipeline] original=5120x1440 | after_crop=2472x1348 | final_ai=923x503 | source_crop=True | ai_resize=True
[2026-06-27 15:35:38] INFO     cv_attendance.cv_engine: [AttendanceFramePipeline] original=5120x1440 | after_crop=2472x1348 | final_ai=923x503 | source_crop=True | ai_resize=True
[2026-06-27 15:35:43] INFO     cv_attendance.cv_engine: [AttendanceFramePipeline] original=5120x1440 | after_crop=2472x1348 | final_ai=923x503 | source_crop=True | ai_resize=True
[2026-06-27 15:35:49] INFO     cv_attendance.cv_engine: [AttendanceFramePipeline] original=5120x1440 | after_crop=2472x1348 | final_ai=923x503 | source_crop=True | ai_resize=True
[2026-06-27 15:35:54] INFO     cv_attendance.cv_engine: [AttendanceFramePipeline] original=5120x1440 | after_crop=2472x1348 | final_ai=923x503 | source_crop=True | ai_resize=True
[2026-06-27 15:35:59] INFO     cv_attendance.cv_engine: [AttendanceFramePipeline] original=5120x1440 | after_crop=2472x1348 | final_ai=923x503 | source_crop=True | ai_resize=True
[2026-06-27 15:36:04] INFO     cv_attendance.cv_engine: [AttendanceFramePipeline] original=5120x1440 | after_crop=2472x1348 | final_ai=923x503 | source_crop=True | ai_resize=True
[2026-06-27 15:36:09] INFO     cv_attendance.cv_engine: [AttendanceFramePipeline] original=5120x1440 | after_crop=2472x1348 | final_ai=923x503 | source_crop=True | ai_resize=True
[2026-06-27 15:36:14] INFO     cv_attendance.cv_engine: [AttendanceFramePipeline] original=5120x1440 | after_crop=2472x1348 | final_ai=923x503 | source_crop=True | ai_resize=True
[2026-06-27 15:36:19] INFO     cv_attendance.cv_engine: [AttendanceFramePipeline] original=5120x1440 | after_crop=2472x1348 | final_ai=923x503 | source_crop=True | ai_resize=True
[2026-06-27 15:36:24] INFO     cv_attendance.cv_engine: [AttendanceFramePipeline] original=5120x1440 | after_crop=2472x1348 | final_ai=923x503 | source_crop=True | ai_resize=True
[2026-06-27 15:36:29] INFO     cv_attendance.cv_engine: [DBWriter] KNOWN check-in: member_id=2 | timeline_id=2615 | session_id=22
[2026-06-27 15:36:29] INFO     cv_attendance.cv_engine: [AttendanceFramePipeline] original=5120x1440 | after_crop=2472x1348 | final_ai=923x503 | source_crop=True | ai_resize=True
[2026-06-27 15:36:34] INFO     cv_attendance.cv_engine: [AttendanceFramePipeline] original=5120x1440 | after_crop=2472x1348 | final_ai=923x503 | source_crop=True | ai_resize=True
[2026-06-27 15:36:40] INFO     cv_attendance.cv_engine: [AttendanceFramePipeline] original=5120x1440 | after_crop=2472x1348 | final_ai=923x503 | source_crop=True | ai_resize=True
[2026-06-27 15:36:45] INFO     cv_attendance.cv_engine: [AttendanceFramePipeline] original=5120x1440 | after_crop=2472x1348 | final_ai=923x503 | source_crop=True | ai_resize=True
[2026-06-27 15:36:50] INFO     cv_attendance.cv_engine: [AttendanceFramePipeline] original=5120x1440 | after_crop=2472x1348 | final_ai=923x503 | source_crop=True | ai_resize=True
[2026-06-27 15:36:55] INFO     cv_attendance.cv_engine: [AttendanceFramePipeline] original=5120x1440 | after_crop=2472x1348 | final_ai=923x503 | source_crop=True | ai_resize=True
[2026-06-27 15:37:00] INFO     cv_attendance.cv_engine: [AttendanceFramePipeline] original=5120x1440 | after_crop=2472x1348 | final_ai=923x503 | source_crop=True | ai_resize=True
[2026-06-27 15:37:06] INFO     cv_attendance.cv_engine: [AttendanceFramePipeline] original=5120x1440 | after_crop=2472x1348 | final_ai=923x503 | source_crop=True | ai_resize=True
[2026-06-27 15:37:11] INFO     cv_attendance.cv_engine: [AttendanceFramePipeline] original=5120x1440 | after_crop=2472x1348 | final_ai=923x503 | source_crop=True | ai_resize=True
[2026-06-27 15:37:16] INFO     cv_attendance.cv_engine: [AttendanceFramePipeline] original=5120x1440 | after_crop=2472x1348 | final_ai=923x503 | source_crop=True | ai_resize=True
[2026-06-27 15:37:21] INFO     cv_attendance.cv_engine: [AttendanceFramePipeline] original=5120x1440 | after_crop=2472x1348 | final_ai=923x503 | source_crop=True | ai_resize=True
[2026-06-27 15:37:26] INFO     cv_attendance.cv_engine: [AttendanceFramePipeline] original=5120x1440 | after_crop=2472x1348 | final_ai=923x503 | source_crop=True | ai_resize=True
[2026-06-27 15:37:31] INFO     cv_attendance.cv_engine: [AttendanceFramePipeline] original=5120x1440 | after_crop=2472x1348 | final_ai=923x503 | source_crop=True | ai_resize=True
[2026-06-27 15:37:36] INFO     cv_attendance.cv_engine: [AttendanceFramePipeline] original=5120x1440 | after_crop=2472x1348 | final_ai=923x503 | source_crop=True | ai_resize=True
[2026-06-27 15:37:42] INFO     cv_attendance.cv_engine: [AttendanceFramePipeline] original=5120x1440 | after_crop=2472x1348 | final_ai=923x503 | source_crop=True | ai_resize=True
[2026-06-27 15:37:47] INFO     cv_attendance.cv_engine: [AttendanceFramePipeline] original=5120x1440 | after_crop=2472x1348 | final_ai=923x503 | source_crop=True | ai_resize=True
[2026-06-27 15:37:52] INFO     cv_attendance.cv_engine: [AttendanceFramePipeline] original=5120x1440 | after_crop=2472x1348 | final_ai=923x503 | source_crop=True | ai_resize=True
[2026-06-27 15:37:57] INFO     cv_attendance.cv_engine: [AttendanceFramePipeline] original=5120x1440 | after_crop=2472x1348 | final_ai=923x503 | source_crop=True | ai_resize=True
[2026-06-27 15:38:02] INFO     cv_attendance.cv_engine: [AttendanceFramePipeline] original=5120x1440 | after_crop=2472x1348 | final_ai=923x503 | source_crop=True | ai_resize=True
[2026-06-27 15:38:07] INFO     cv_attendance.cv_engine: [AttendanceFramePipeline] original=5120x1440 | after_crop=2472x1348 | final_ai=923x503 | source_crop=True | ai_resize=True
[2026-06-27 15:38:12] INFO     cv_attendance.cv_engine: [AttendanceFramePipeline] original=5120x1440 | after_crop=2472x1348 | final_ai=923x503 | source_crop=True | ai_resize=True
[2026-06-27 15:38:17] INFO     cv_attendance.cv_engine: [AttendanceFramePipeline] original=5120x1440 | after_crop=2472x1348 | final_ai=923x503 | source_crop=True | ai_resize=True
[2026-06-27 15:38:23] INFO     cv_attendance.cv_engine: [AttendanceFramePipeline] original=5120x1440 | after_crop=2472x1348 | final_ai=923x503 | source_crop=True | ai_resize=True
[2026-06-27 15:38:28] INFO     cv_attendance.cv_engine: [AttendanceFramePipeline] original=5120x1440 | after_crop=2472x1348 | final_ai=923x503 | source_crop=True | ai_resize=True
[2026-06-27 15:38:33] INFO     cv_attendance.cv_engine: [AttendanceFramePipeline] original=5120x1440 | after_crop=2472x1348 | final_ai=923x503 | source_crop=True | ai_resize=True
[2026-06-27 15:38:38] INFO     cv_attendance.cv_engine: [AttendanceFramePipeline] original=5120x1440 | after_crop=2472x1348 | final_ai=923x503 | source_crop=True | ai_resize=True
[2026-06-27 15:38:43] INFO     cv_attendance.cv_engine: [AttendanceFramePipeline] original=5120x1440 | after_crop=2472x1348 | final_ai=923x503 | source_crop=True | ai_resize=True
[2026-06-27 15:38:48] INFO     cv_attendance.cv_engine: [AttendanceFramePipeline] original=5120x1440 | after_crop=2472x1348 | final_ai=923x503 | source_crop=True | ai_resize=True
[2026-06-27 15:38:53] INFO     cv_attendance.cv_engine: [AttendanceFramePipeline] original=5120x1440 | after_crop=2472x1348 | final_ai=923x503 | source_crop=True | ai_resize=True
[2026-06-27 15:38:58] INFO     cv_attendance.cv_engine: [AttendanceFramePipeline] original=5120x1440 | after_crop=2472x1348 | final_ai=923x503 | source_crop=True | ai_resize=True
[2026-06-27 15:39:03] INFO     cv_attendance.cv_engine: [AttendanceFramePipeline] original=5120x1440 | after_crop=2472x1348 | final_ai=923x503 | source_crop=True | ai_resize=True
[2026-06-27 15:39:08] INFO     cv_attendance.cv_engine: [AttendanceFramePipeline] original=5120x1440 | after_crop=2472x1348 | final_ai=923x503 | source_crop=True | ai_resize=True
[2026-06-27 15:39:14] INFO     cv_attendance.cv_engine: [AttendanceFramePipeline] original=5120x1440 | after_crop=2472x1348 | final_ai=923x503 | source_crop=True | ai_resize=True
[2026-06-27 15:39:19] INFO     cv_attendance.cv_engine: [AttendanceFramePipeline] original=5120x1440 | after_crop=2472x1348 | final_ai=923x503 | source_crop=True | ai_resize=True
[2026-06-27 15:39:24] INFO     cv_attendance.cv_engine: [AttendanceFramePipeline] original=5120x1440 | after_crop=2472x1348 | final_ai=923x503 | source_crop=True | ai_resize=True
[2026-06-27 15:39:29] INFO     cv_attendance.cv_engine: [AttendanceFramePipeline] original=5120x1440 | after_crop=2472x1348 | final_ai=923x503 | source_crop=True | ai_resize=True
[2026-06-27 15:39:34] INFO     cv_attendance.cv_engine: [AttendanceFramePipeline] original=5120x1440 | after_crop=2472x1348 | final_ai=923x503 | source_crop=True | ai_resize=True
[2026-06-27 15:39:40] INFO     cv_attendance.cv_engine: [AttendanceFramePipeline] original=5120x1440 | after_crop=2472x1348 | final_ai=923x503 | source_crop=True | ai_resize=True
[2026-06-27 15:39:45] INFO     cv_attendance.cv_engine: [AttendanceFramePipeline] original=5120x1440 | after_crop=2472x1348 | final_ai=923x503 | source_crop=True | ai_resize=True
[2026-06-27 15:39:50] INFO     cv_attendance.cv_engine: [AttendanceFramePipeline] original=5120x1440 | after_crop=2472x1348 | final_ai=923x503 | source_crop=True | ai_resize=True
[2026-06-27 15:39:55] INFO     cv_attendance.cv_engine: [AttendanceFramePipeline] original=5120x1440 | after_crop=2472x1348 | final_ai=923x503 | source_crop=True | ai_resize=True
[2026-06-27 15:40:00] INFO     cv_attendance.cv_engine: [AttendanceFramePipeline] original=5120x1440 | after_crop=2472x1348 | final_ai=923x503 | source_crop=True | ai_resize=True
[2026-06-27 15:40:05] INFO     cv_attendance.cv_engine: [AttendanceFramePipeline] original=5120x1440 | after_crop=2472x1348 | final_ai=923x503 | source_crop=True | ai_resize=True
[2026-06-27 15:40:11] INFO     cv_attendance.cv_engine: [AttendanceFramePipeline] original=5120x1440 | after_crop=2472x1348 | final_ai=923x503 | source_crop=True | ai_resize=True
[2026-06-27 15:40:16] INFO     cv_attendance.cv_engine: [AttendanceFramePipeline] original=5120x1440 | after_crop=2472x1348 | final_ai=923x503 | source_crop=True | ai_resize=True
[2026-06-27 15:40:21] INFO     cv_attendance.cv_engine: [AttendanceFramePipeline] original=5120x1440 | after_crop=2472x1348 | final_ai=923x503 | source_crop=True | ai_resize=True
[2026-06-27 15:40:26] INFO     cv_attendance.cv_engine: [AttendanceFramePipeline] original=5120x1440 | after_crop=2472x1348 | final_ai=923x503 | source_crop=True | ai_resize=True
[2026-06-27 15:40:31] INFO     cv_attendance.cv_engine: [AttendanceFramePipeline] original=5120x1440 | after_crop=2472x1348 | final_ai=923x503 | source_crop=True | ai_resize=True
[2026-06-27 15:40:36] INFO     cv_attendance.cv_engine: [AttendanceFramePipeline] original=5120x1440 | after_crop=2472x1348 | final_ai=923x503 | source_crop=True | ai_resize=True
[2026-06-27 15:40:41] INFO     cv_attendance.cv_engine: [AttendanceFramePipeline] original=5120x1440 | after_crop=2472x1348 | final_ai=923x503 | source_crop=True | ai_resize=True
[2026-06-27 15:40:47] INFO     cv_attendance.cv_engine: [AttendanceFramePipeline] original=5120x1440 | after_crop=2472x1348 | final_ai=923x503 | source_crop=True | ai_resize=True
[2026-06-27 15:40:52] INFO     cv_attendance.cv_engine: [AttendanceFramePipeline] original=5120x1440 | after_crop=2472x1348 | final_ai=923x503 | source_crop=True | ai_resize=True
[2026-06-27 15:40:57] INFO     cv_attendance.cv_engine: [AttendanceFramePipeline] original=5120x1440 | after_crop=2472x1348 | final_ai=923x503 | source_crop=True | ai_resize=True
[2026-06-27 15:41:02] INFO     cv_attendance.cv_engine: [AttendanceFramePipeline] original=5120x1440 | after_crop=2472x1348 | final_ai=923x503 | source_crop=True | ai_resize=True
[2026-06-27 15:41:07] INFO     cv_attendance.cv_engine: [AttendanceFramePipeline] original=5120x1440 | after_crop=2472x1348 | final_ai=923x503 | source_crop=True | ai_resize=True
[2026-06-27 15:41:12] INFO     cv_attendance.cv_engine: [AttendanceFramePipeline] original=5120x1440 | after_crop=2472x1348 | final_ai=923x503 | source_crop=True | ai_resize=True
[2026-06-27 15:41:18] INFO     cv_attendance.cv_engine: [AttendanceFramePipeline] original=5120x1440 | after_crop=2472x1348 | final_ai=923x503 | source_crop=True | ai_resize=True
[2026-06-27 15:41:23] INFO     cv_attendance.cv_engine: [AttendanceFramePipeline] original=5120x1440 | after_crop=2472x1348 | final_ai=923x503 | source_crop=True | ai_resize=True
[2026-06-27 15:41:28] INFO     cv_attendance.cv_engine: [AttendanceFramePipeline] original=5120x1440 | after_crop=2472x1348 | final_ai=923x503 | source_crop=True | ai_resize=True
[2026-06-27 15:41:33] INFO     cv_attendance.cv_engine: [AttendanceFramePipeline] original=5120x1440 | after_crop=2472x1348 | final_ai=923x503 | source_crop=True | ai_resize=True
[2026-06-27 15:41:38] INFO     cv_attendance.cv_engine: [AttendanceFramePipeline] original=5120x1440 | after_crop=2472x1348 | final_ai=923x503 | source_crop=True | ai_resize=True
[2026-06-27 15:41:43] INFO     cv_attendance.cv_engine: [AttendanceFramePipeline] original=5120x1440 | after_crop=2472x1348 | final_ai=923x503 | source_crop=True | ai_resize=True
[2026-06-27 15:41:49] INFO     cv_attendance.cv_engine: [AttendanceFramePipeline] original=5120x1440 | after_crop=2472x1348 | final_ai=923x503 | source_crop=True | ai_resize=True
[2026-06-27 15:41:54] INFO     cv_attendance.cv_engine: [AttendanceFramePipeline] original=5120x1440 | after_crop=2472x1348 | final_ai=923x503 | source_crop=True | ai_resize=True
[2026-06-27 15:41:59] INFO     cv_attendance.cv_engine: [AttendanceFramePipeline] original=5120x1440 | after_crop=2472x1348 | final_ai=923x503 | source_crop=True | ai_resize=True
[2026-06-27 15:42:04] INFO     cv_attendance.cv_engine: [AttendanceFramePipeline] original=5120x1440 | after_crop=2472x1348 | final_ai=923x503 | source_crop=True | ai_resize=True
[2026-06-27 15:42:09] INFO     cv_attendance.cv_engine: [AttendanceFramePipeline] original=5120x1440 | after_crop=2472x1348 | final_ai=923x503 | source_crop=True | ai_resize=True
[2026-06-27 15:42:14] INFO     cv_attendance.cv_engine: [AttendanceFramePipeline] original=5120x1440 | after_crop=2472x1348 | final_ai=923x503 | source_crop=True | ai_resize=True
[2026-06-27 15:42:20] INFO     cv_attendance.cv_engine: [AttendanceFramePipeline] original=5120x1440 | after_crop=2472x1348 | final_ai=923x503 | source_crop=True | ai_resize=True
[2026-06-27 15:42:25] INFO     cv_attendance.cv_engine: [AttendanceFramePipeline] original=5120x1440 | after_crop=2472x1348 | final_ai=923x503 | source_crop=True | ai_resize=True
[2026-06-27 15:42:30] INFO     cv_attendance.cv_engine: [AttendanceFramePipeline] original=5120x1440 | after_crop=2472x1348 | final_ai=923x503 | source_crop=True | ai_resize=True
[2026-06-27 15:42:35] INFO     cv_attendance.cv_engine: [AttendanceFramePipeline] original=5120x1440 | after_crop=2472x1348 | final_ai=923x503 | source_crop=True | ai_resize=True
[2026-06-27 15:42:40] INFO     cv_attendance.cv_engine: [AttendanceFramePipeline] original=5120x1440 | after_crop=2472x1348 | final_ai=923x503 | source_crop=True | ai_resize=True
[2026-06-27 15:42:45] INFO     cv_attendance.cv_engine: [AttendanceFramePipeline] original=5120x1440 | after_crop=2472x1348 | final_ai=923x503 | source_crop=True | ai_resize=True
[2026-06-27 15:42:50] INFO     cv_attendance.cv_engine: [AttendanceFramePipeline] original=5120x1440 | after_crop=2472x1348 | final_ai=923x503 | source_crop=True | ai_resize=True
[2026-06-27 15:42:55] INFO     cv_attendance.cv_engine: [AttendanceFramePipeline] original=5120x1440 | after_crop=2472x1348 | final_ai=923x503 | source_crop=True | ai_resize=True
[2026-06-27 15:43:01] INFO     cv_attendance.cv_engine: [AttendanceFramePipeline] original=5120x1440 | after_crop=2472x1348 | final_ai=923x503 | source_crop=True | ai_resize=True
[2026-06-27 15:43:06] INFO     cv_attendance.cv_engine: [AttendanceFramePipeline] original=5120x1440 | after_crop=2472x1348 | final_ai=923x503 | source_crop=True | ai_resize=True
[2026-06-27 15:43:11] INFO     cv_attendance.cv_engine: [AttendanceFramePipeline] original=5120x1440 | after_crop=2472x1348 | final_ai=923x503 | source_crop=True | ai_resize=True
[2026-06-27 15:43:16] INFO     cv_attendance.cv_engine: [AttendanceFramePipeline] original=5120x1440 | after_crop=2472x1348 | final_ai=923x503 | source_crop=True | ai_resize=True
[2026-06-27 15:43:21] INFO     cv_attendance.cv_engine: [AttendanceFramePipeline] original=5120x1440 | after_crop=2472x1348 | final_ai=923x503 | source_crop=True | ai_resize=True
[2026-06-27 15:43:26] INFO     cv_attendance.cv_engine: [AttendanceFramePipeline] original=5120x1440 | after_crop=2472x1348 | final_ai=923x503 | source_crop=True | ai_resize=True
[2026-06-27 15:43:32] INFO     cv_attendance.cv_engine: [AttendanceFramePipeline] original=5120x1440 | after_crop=2472x1348 | final_ai=923x503 | source_crop=True | ai_resize=True
[2026-06-27 15:43:37] INFO     cv_attendance.cv_engine: [AttendanceFramePipeline] original=5120x1440 | after_crop=2472x1348 | final_ai=923x503 | source_crop=True | ai_resize=True
[2026-06-27 15:43:42] INFO     cv_attendance.cv_engine: [AttendanceFramePipeline] original=5120x1440 | after_crop=2472x1348 | final_ai=923x503 | source_crop=True | ai_resize=True
[2026-06-27 15:43:47] INFO     cv_attendance.cv_engine: [AttendanceFramePipeline] original=5120x1440 | after_crop=2472x1348 | final_ai=923x503 | source_crop=True | ai_resize=True
[2026-06-27 15:43:52] INFO     cv_attendance.cv_engine: [AttendanceFramePipeline] original=5120x1440 | after_crop=2472x1348 | final_ai=923x503 | source_crop=True | ai_resize=True
[2026-06-27 15:43:58] INFO     cv_attendance.cv_engine: [AttendanceFramePipeline] original=5120x1440 | after_crop=2472x1348 | final_ai=923x503 | source_crop=True | ai_resize=True
[2026-06-27 15:44:03] INFO     cv_attendance.cv_engine: [AttendanceFramePipeline] original=5120x1440 | after_crop=2472x1348 | final_ai=923x503 | source_crop=True | ai_resize=True
[2026-06-27 15:44:08] INFO     cv_attendance.cv_engine: [AttendanceFramePipeline] original=5120x1440 | after_crop=2472x1348 | final_ai=923x503 | source_crop=True | ai_resize=True
[2026-06-27 15:44:13] INFO     cv_attendance.cv_engine: [AttendanceFramePipeline] original=5120x1440 | after_crop=2472x1348 | final_ai=923x503 | source_crop=True | ai_resize=True
[2026-06-27 15:44:18] INFO     cv_attendance.cv_engine: [AttendanceFramePipeline] original=5120x1440 | after_crop=2472x1348 | final_ai=923x503 | source_crop=True | ai_resize=True
[2026-06-27 15:44:24] INFO     cv_attendance.cv_engine: [AttendanceFramePipeline] original=5120x1440 | after_crop=2472x1348 | final_ai=923x503 | source_crop=True | ai_resize=True
[2026-06-27 15:44:29] INFO     cv_attendance.cv_engine: [AttendanceFramePipeline] original=5120x1440 | after_crop=2472x1348 | final_ai=923x503 | source_crop=True | ai_resize=True
[2026-06-27 15:44:34] INFO     cv_attendance.cv_engine: [AttendanceFramePipeline] original=5120x1440 | after_crop=2472x1348 | final_ai=923x503 | source_crop=True | ai_resize=True
[2026-06-27 15:44:39] INFO     cv_attendance.cv_engine: [AttendanceFramePipeline] original=5120x1440 | after_crop=2472x1348 | final_ai=923x503 | source_crop=True | ai_resize=True
[2026-06-27 15:44:44] INFO     cv_attendance.cv_engine: [AttendanceFramePipeline] original=5120x1440 | after_crop=2472x1348 | final_ai=923x503 | source_crop=True | ai_resize=True
[2026-06-27 15:44:49] INFO     cv_attendance.cv_engine: [AttendanceFramePipeline] original=5120x1440 | after_crop=2472x1348 | final_ai=923x503 | source_crop=True | ai_resize=True
[2026-06-27 15:44:54] INFO     cv_attendance.cv_engine: [AttendanceFramePipeline] original=5120x1440 | after_crop=2472x1348 | final_ai=923x503 | source_crop=True | ai_resize=True
[2026-06-27 15:44:59] INFO     cv_attendance.cv_engine: [AttendanceFramePipeline] original=5120x1440 | after_crop=2472x1348 | final_ai=923x503 | source_crop=True | ai_resize=True
[2026-06-27 15:45:04] INFO     cv_attendance.cv_engine: [AttendanceFramePipeline] original=5120x1440 | after_crop=2472x1348 | final_ai=923x503 | source_crop=True | ai_resize=True
[2026-06-27 15:45:10] INFO     cv_attendance.cv_engine: [AttendanceFramePipeline] original=5120x1440 | after_crop=2472x1348 | final_ai=923x503 | source_crop=True | ai_resize=True
[2026-06-27 15:45:15] INFO     cv_attendance.cv_engine: [AttendanceFramePipeline] original=5120x1440 | after_crop=2472x1348 | final_ai=923x503 | source_crop=True | ai_resize=True
[2026-06-27 15:45:20] INFO     cv_attendance.cv_engine: [AttendanceFramePipeline] original=5120x1440 | after_crop=2472x1348 | final_ai=923x503 | source_crop=True | ai_resize=True
[2026-06-27 15:45:25] INFO     cv_attendance.cv_engine: [AttendanceFramePipeline] original=5120x1440 | after_crop=2472x1348 | final_ai=923x503 | source_crop=True | ai_resize=True
[2026-06-27 15:45:30] INFO     cv_attendance.cv_engine: [AttendanceFramePipeline] original=5120x1440 | after_crop=2472x1348 | final_ai=923x503 | source_crop=True | ai_resize=True
[2026-06-27 15:45:36] INFO     cv_attendance.cv_engine: [AttendanceFramePipeline] original=5120x1440 | after_crop=2472x1348 | final_ai=923x503 | source_crop=True | ai_resize=True
[2026-06-27 15:45:41] INFO     cv_attendance.cv_engine: [AttendanceFramePipeline] original=5120x1440 | after_crop=2472x1348 | final_ai=923x503 | source_crop=True | ai_resize=True
[2026-06-27 15:45:46] INFO     cv_attendance.cv_engine: [AttendanceFramePipeline] original=5120x1440 | after_crop=2472x1348 | final_ai=923x503 | source_crop=True | ai_resize=True
[2026-06-27 15:45:51] INFO     cv_attendance.cv_engine: [AttendanceFramePipeline] original=5120x1440 | after_crop=2472x1348 | final_ai=923x503 | source_crop=True | ai_resize=True
[2026-06-27 15:45:56] INFO     cv_attendance.cv_engine: [AttendanceFramePipeline] original=5120x1440 | after_crop=2472x1348 | final_ai=923x503 | source_crop=True | ai_resize=True
[2026-06-27 15:46:02] INFO     cv_attendance.cv_engine: [AttendanceFramePipeline] original=5120x1440 | after_crop=2472x1348 | final_ai=923x503 | source_crop=True | ai_resize=True
[2026-06-27 15:46:07] INFO     cv_attendance.cv_engine: [AttendanceFramePipeline] original=5120x1440 | after_crop=2472x1348 | final_ai=923x503 | source_crop=True | ai_resize=True
[2026-06-27 15:46:12] INFO     cv_attendance.cv_engine: [AttendanceFramePipeline] original=5120x1440 | after_crop=2472x1348 | final_ai=923x503 | source_crop=True | ai_resize=True
[2026-06-27 15:46:18] INFO     cv_attendance.cv_engine: [AttendanceFramePipeline] original=5120x1440 | after_crop=2472x1348 | final_ai=923x503 | source_crop=True | ai_resize=True
[2026-06-27 15:46:23] INFO     cv_attendance.cv_engine: [AttendanceFramePipeline] original=5120x1440 | after_crop=2472x1348 | final_ai=923x503 | source_crop=True | ai_resize=True
[2026-06-27 15:46:28] INFO     cv_attendance.cv_engine: [AttendanceFramePipeline] original=5120x1440 | after_crop=2472x1348 | final_ai=923x503 | source_crop=True | ai_resize=True
[2026-06-27 15:46:33] INFO     cv_attendance.cv_engine: [AttendanceFramePipeline] original=5120x1440 | after_crop=2472x1348 | final_ai=923x503 | source_crop=True | ai_resize=True
[2026-06-27 15:46:38] INFO     cv_attendance.cv_engine: [AttendanceFramePipeline] original=5120x1440 | after_crop=2472x1348 | final_ai=923x503 | source_crop=True | ai_resize=True
[2026-06-27 15:46:44] INFO     cv_attendance.cv_engine: [AttendanceFramePipeline] original=5120x1440 | after_crop=2472x1348 | final_ai=923x503 | source_crop=True | ai_resize=True
[2026-06-27 15:46:49] INFO     cv_attendance.cv_engine: [AttendanceFramePipeline] original=5120x1440 | after_crop=2472x1348 | final_ai=923x503 | source_crop=True | ai_resize=True
[2026-06-27 15:46:54] INFO     cv_attendance.cv_engine: [AttendanceFramePipeline] original=5120x1440 | after_crop=2472x1348 | final_ai=923x503 | source_crop=True | ai_resize=True
[2026-06-27 15:46:59] INFO     cv_attendance.cv_engine: [AttendanceFramePipeline] original=5120x1440 | after_crop=2472x1348 | final_ai=923x503 | source_crop=True | ai_resize=True
[2026-06-27 15:47:04] INFO     cv_attendance.cv_engine: [AttendanceFramePipeline] original=5120x1440 | after_crop=2472x1348 | final_ai=923x503 | source_crop=True | ai_resize=True
[2026-06-27 15:47:10] INFO     cv_attendance.cv_engine: [AttendanceFramePipeline] original=5120x1440 | after_crop=2472x1348 | final_ai=923x503 | source_crop=True | ai_resize=True
[2026-06-27 15:47:15] INFO     cv_attendance.cv_engine: [AttendanceFramePipeline] original=5120x1440 | after_crop=2472x1348 | final_ai=923x503 | source_crop=True | ai_resize=True
[2026-06-27 15:47:20] INFO     cv_attendance.cv_engine: [AttendanceFramePipeline] original=5120x1440 | after_crop=2472x1348 | final_ai=923x503 | source_crop=True | ai_resize=True
[2026-06-27 15:47:25] INFO     cv_attendance.cv_engine: [AttendanceFramePipeline] original=5120x1440 | after_crop=2472x1348 | final_ai=923x503 | source_crop=True | ai_resize=True
[2026-06-27 15:47:31] INFO     cv_attendance.cv_engine: [AttendanceFramePipeline] original=5120x1440 | after_crop=2472x1348 | final_ai=923x503 | source_crop=True | ai_resize=True
[2026-06-27 15:47:36] INFO     cv_attendance.cv_engine: [AttendanceFramePipeline] original=5120x1440 | after_crop=2472x1348 | final_ai=923x503 | source_crop=True | ai_resize=True
[2026-06-27 15:47:41] INFO     cv_attendance.cv_engine: [AttendanceFramePipeline] original=5120x1440 | after_crop=2472x1348 | final_ai=923x503 | source_crop=True | ai_resize=True
[2026-06-27 15:47:47] INFO     cv_attendance.cv_engine: [AttendanceFramePipeline] original=5120x1440 | after_crop=2472x1348 | final_ai=923x503 | source_crop=True | ai_resize=True
[2026-06-27 15:47:52] INFO     cv_attendance.cv_engine: [AttendanceFramePipeline] original=5120x1440 | after_crop=2472x1348 | final_ai=923x503 | source_crop=True | ai_resize=True
[2026-06-27 15:47:57] INFO     cv_attendance.cv_engine: [AttendanceFramePipeline] original=5120x1440 | after_crop=2472x1348 | final_ai=923x503 | source_crop=True | ai_resize=True
[2026-06-27 15:48:03] INFO     cv_attendance.cv_engine: [AttendanceFramePipeline] original=5120x1440 | after_crop=2472x1348 | final_ai=923x503 | source_crop=True | ai_resize=True
[2026-06-27 18:56:17] INFO     cv_attendance.cv_engine: [CameraThread] Selesai.
[2026-06-27 18:56:17] INFO     cv_attendance.cv_engine: [DBWriter] Selesai.
[2026-06-27 18:56:18] INFO     cv_attendance.cv_engine: [SessionManager] WorshipSession 22 ditutup
[2026-06-27 18:56:18] INFO     cv_attendance.cv_engine: [SessionManager] Sesi 'Ibadah Raya Sabat' dihentikan.
[2026-06-27 18:56:30] INFO     cv_attendance.vision.face_matcher: FaceMatcher: 11 embedding dimuat
[2026-06-27 18:56:30] INFO     cv_attendance.cv_engine: [SessionManager] WorshipSession dibuat: id=23 | 'Ibadah Raya Sabat'
[2026-06-27 18:56:30] INFO     cv_attendance.cv_engine: [SessionManager] Pre-populated 2 attendance rows untuk session_id=23
[2026-06-27 18:56:36] INFO     cv_attendance.cv_engine: [CameraThread] Dimulai.
[2026-06-27 18:56:36] INFO     cv_attendance.cv_engine: [DBWriter] Dimulai.
[2026-06-27 18:56:36] INFO     cv_attendance.cv_engine: [SessionManager] Sesi 'Ibadah Raya Sabat' dimulai. session_id=23 | 11 embedding dimuat.
[2026-06-27 18:56:36] INFO     cv_attendance.cv_engine: [AttendanceFramePipeline] original=5120x1440 | after_crop=2472x1348 | final_ai=923x503 | source_crop=True | ai_resize=True
[2026-06-27 18:56:37] INFO     cv_attendance.cv_engine: [DBWriter] KNOWN check-in: member_id=2 | timeline_id=5606 | session_id=23
[2026-06-27 18:56:41] INFO     cv_attendance.cv_engine: [AttendanceFramePipeline] original=5120x1440 | after_crop=2472x1348 | final_ai=923x503 | source_crop=True | ai_resize=True
[2026-06-27 18:56:46] INFO     cv_attendance.cv_engine: [AttendanceFramePipeline] original=5120x1440 | after_crop=2472x1348 | final_ai=923x503 | source_crop=True | ai_resize=True
[2026-06-27 18:56:51] INFO     cv_attendance.cv_engine: [AttendanceFramePipeline] original=5120x1440 | after_crop=2472x1348 | final_ai=923x503 | source_crop=True | ai_resize=True
[2026-06-27 18:56:56] INFO     cv_attendance.cv_engine: [AttendanceFramePipeline] original=5120x1440 | after_crop=2472x1348 | final_ai=923x503 | source_crop=True | ai_resize=True
[2026-06-27 18:57:02] INFO     cv_attendance.cv_engine: [AttendanceFramePipeline] original=5120x1440 | after_crop=2472x1348 | final_ai=923x503 | source_crop=True | ai_resize=True
[2026-06-27 18:57:07] INFO     cv_attendance.cv_engine: [AttendanceFramePipeline] original=5120x1440 | after_crop=2472x1348 | final_ai=923x503 | source_crop=True | ai_resize=True
[2026-06-27 18:57:12] INFO     cv_attendance.cv_engine: [AttendanceFramePipeline] original=5120x1440 | after_crop=2472x1348 | final_ai=923x503 | source_crop=True | ai_resize=True
[2026-06-27 18:57:17] INFO     cv_attendance.cv_engine: [AttendanceFramePipeline] original=5120x1440 | after_crop=2472x1348 | final_ai=923x503 | source_crop=True | ai_resize=True
[2026-06-27 18:57:22] INFO     cv_attendance.cv_engine: [AttendanceFramePipeline] original=5120x1440 | after_crop=2472x1348 | final_ai=923x503 | source_crop=True | ai_resize=True
[2026-06-27 18:57:27] INFO     cv_attendance.cv_engine: [AttendanceFramePipeline] original=5120x1440 | after_crop=2472x1348 | final_ai=923x503 | source_crop=True | ai_resize=True
[2026-06-27 18:57:32] INFO     cv_attendance.cv_engine: [AttendanceFramePipeline] original=5120x1440 | after_crop=2472x1348 | final_ai=923x503 | source_crop=True | ai_resize=True
[2026-06-27 18:57:37] INFO     cv_attendance.cv_engine: [AttendanceFramePipeline] original=5120x1440 | after_crop=2472x1348 | final_ai=923x503 | source_crop=True | ai_resize=True
[2026-06-27 18:57:43] INFO     cv_attendance.cv_engine: [AttendanceFramePipeline] original=5120x1440 | after_crop=2472x1348 | final_ai=923x503 | source_crop=True | ai_resize=True
[2026-06-27 18:57:48] INFO     cv_attendance.cv_engine: [AttendanceFramePipeline] original=5120x1440 | after_crop=2472x1348 | final_ai=923x503 | source_crop=True | ai_resize=True
[2026-06-27 18:57:53] INFO     cv_attendance.cv_engine: [AttendanceFramePipeline] original=5120x1440 | after_crop=2472x1348 | final_ai=923x503 | source_crop=True | ai_resize=True
[2026-06-27 18:57:58] INFO     cv_attendance.cv_engine: [AttendanceFramePipeline] original=5120x1440 | after_crop=2472x1348 | final_ai=923x503 | source_crop=True | ai_resize=True
[2026-06-27 18:58:04] INFO     cv_attendance.cv_engine: [AttendanceFramePipeline] original=5120x1440 | after_crop=2472x1348 | final_ai=923x503 | source_crop=True | ai_resize=True
[2026-06-27 18:58:09] INFO     cv_attendance.cv_engine: [AttendanceFramePipeline] original=5120x1440 | after_crop=2472x1348 | final_ai=923x503 | source_crop=True | ai_resize=True
[2026-06-27 18:58:14] INFO     cv_attendance.cv_engine: [AttendanceFramePipeline] original=5120x1440 | after_crop=2472x1348 | final_ai=923x503 | source_crop=True | ai_resize=True
[2026-06-27 18:58:19] INFO     cv_attendance.cv_engine: [AttendanceFramePipeline] original=5120x1440 | after_crop=2472x1348 | final_ai=923x503 | source_crop=True | ai_resize=True
[2026-06-27 18:58:25] INFO     cv_attendance.cv_engine: [AttendanceFramePipeline] original=5120x1440 | after_crop=2472x1348 | final_ai=923x503 | source_crop=True | ai_resize=True
[2026-06-27 18:58:30] INFO     cv_attendance.cv_engine: [AttendanceFramePipeline] original=5120x1440 | after_crop=2472x1348 | final_ai=923x503 | source_crop=True | ai_resize=True
[2026-06-27 18:58:36] INFO     cv_attendance.cv_engine: [AttendanceFramePipeline] original=5120x1440 | after_crop=2472x1348 | final_ai=923x503 | source_crop=True | ai_resize=True
[2026-06-27 18:58:42] INFO     cv_attendance.cv_engine: [AttendanceFramePipeline] original=5120x1440 | after_crop=2472x1348 | final_ai=923x503 | source_crop=True | ai_resize=True
[2026-06-27 18:58:47] INFO     cv_attendance.cv_engine: [AttendanceFramePipeline] original=5120x1440 | after_crop=2472x1348 | final_ai=923x503 | source_crop=True | ai_resize=True
[2026-06-27 18:58:52] INFO     cv_attendance.cv_engine: [AttendanceFramePipeline] original=5120x1440 | after_crop=2472x1348 | final_ai=923x503 | source_crop=True | ai_resize=True
[2026-06-27 18:58:57] INFO     cv_attendance.cv_engine: [AttendanceFramePipeline] original=5120x1440 | after_crop=2472x1348 | final_ai=923x503 | source_crop=True | ai_resize=True
[2026-06-27 18:59:02] INFO     cv_attendance.cv_engine: [AttendanceFramePipeline] original=5120x1440 | after_crop=2472x1348 | final_ai=923x503 | source_crop=True | ai_resize=True
[2026-06-27 18:59:07] INFO     cv_attendance.cv_engine: [AttendanceFramePipeline] original=5120x1440 | after_crop=2472x1348 | final_ai=923x503 | source_crop=True | ai_resize=True
[2026-06-27 18:59:12] INFO     cv_attendance.cv_engine: [AttendanceFramePipeline] original=5120x1440 | after_crop=2472x1348 | final_ai=923x503 | source_crop=True | ai_resize=True
[2026-06-27 18:59:17] INFO     cv_attendance.cv_engine: [AttendanceFramePipeline] original=5120x1440 | after_crop=2472x1348 | final_ai=923x503 | source_crop=True | ai_resize=True
[2026-06-27 18:59:23] INFO     cv_attendance.cv_engine: [AttendanceFramePipeline] original=5120x1440 | after_crop=2472x1348 | final_ai=923x503 | source_crop=True | ai_resize=True
[2026-06-27 18:59:28] INFO     cv_attendance.cv_engine: [AttendanceFramePipeline] original=5120x1440 | after_crop=2472x1348 | final_ai=923x503 | source_crop=True | ai_resize=True
[2026-06-27 18:59:33] INFO     cv_attendance.cv_engine: [AttendanceFramePipeline] original=5120x1440 | after_crop=2472x1348 | final_ai=923x503 | source_crop=True | ai_resize=True
[2026-06-27 18:59:38] INFO     cv_attendance.cv_engine: [AttendanceFramePipeline] original=5120x1440 | after_crop=2472x1348 | final_ai=923x503 | source_crop=True | ai_resize=True
[2026-06-27 18:59:43] INFO     cv_attendance.cv_engine: [AttendanceFramePipeline] original=5120x1440 | after_crop=2472x1348 | final_ai=923x503 | source_crop=True | ai_resize=True
[2026-06-27 18:59:48] INFO     cv_attendance.cv_engine: [AttendanceFramePipeline] original=5120x1440 | after_crop=2472x1348 | final_ai=923x503 | source_crop=True | ai_resize=True
[2026-06-27 18:59:53] INFO     cv_attendance.cv_engine: [AttendanceFramePipeline] original=5120x1440 | after_crop=2472x1348 | final_ai=923x503 | source_crop=True | ai_resize=True
[2026-06-27 18:59:58] INFO     cv_attendance.cv_engine: [AttendanceFramePipeline] original=5120x1440 | after_crop=2472x1348 | final_ai=923x503 | source_crop=True | ai_resize=True
[2026-06-27 19:00:03] INFO     cv_attendance.cv_engine: [AttendanceFramePipeline] original=5120x1440 | after_crop=2472x1348 | final_ai=923x503 | source_crop=True | ai_resize=True
[2026-06-27 19:00:08] INFO     cv_attendance.cv_engine: [AttendanceFramePipeline] original=5120x1440 | after_crop=2472x1348 | final_ai=923x503 | source_crop=True | ai_resize=True
[2026-06-27 19:00:14] INFO     cv_attendance.cv_engine: [AttendanceFramePipeline] original=5120x1440 | after_crop=2472x1348 | final_ai=923x503 | source_crop=True | ai_resize=True
[2026-06-27 19:00:19] INFO     cv_attendance.cv_engine: [AttendanceFramePipeline] original=5120x1440 | after_crop=2472x1348 | final_ai=923x503 | source_crop=True | ai_resize=True
[2026-06-27 19:00:24] INFO     cv_attendance.cv_engine: [AttendanceFramePipeline] original=5120x1440 | after_crop=2472x1348 | final_ai=923x503 | source_crop=True | ai_resize=True
[2026-06-27 19:00:29] INFO     cv_attendance.cv_engine: [AttendanceFramePipeline] original=5120x1440 | after_crop=2472x1348 | final_ai=923x503 | source_crop=True | ai_resize=True
[2026-06-27 19:00:34] INFO     cv_attendance.cv_engine: [AttendanceFramePipeline] original=5120x1440 | after_crop=2472x1348 | final_ai=923x503 | source_crop=True | ai_resize=True
[2026-06-27 19:00:39] INFO     cv_attendance.cv_engine: [AttendanceFramePipeline] original=5120x1440 | after_crop=2472x1348 | final_ai=923x503 | source_crop=True | ai_resize=True
[2026-06-27 19:00:44] INFO     cv_attendance.cv_engine: [AttendanceFramePipeline] original=5120x1440 | after_crop=2472x1348 | final_ai=923x503 | source_crop=True | ai_resize=True
[2026-06-27 19:00:49] INFO     cv_attendance.cv_engine: [AttendanceFramePipeline] original=5120x1440 | after_crop=2472x1348 | final_ai=923x503 | source_crop=True | ai_resize=True
[2026-06-27 19:00:55] INFO     cv_attendance.cv_engine: [AttendanceFramePipeline] original=5120x1440 | after_crop=2472x1348 | final_ai=923x503 | source_crop=True | ai_resize=True
[2026-06-27 19:01:00] INFO     cv_attendance.cv_engine: [AttendanceFramePipeline] original=5120x1440 | after_crop=2472x1348 | final_ai=923x503 | source_crop=True | ai_resize=True
[2026-06-27 19:01:05] INFO     cv_attendance.cv_engine: [AttendanceFramePipeline] original=5120x1440 | after_crop=2472x1348 | final_ai=923x503 | source_crop=True | ai_resize=True
[2026-06-27 19:01:10] INFO     cv_attendance.cv_engine: [AttendanceFramePipeline] original=5120x1440 | after_crop=2472x1348 | final_ai=923x503 | source_crop=True | ai_resize=True
[2026-06-27 19:01:15] INFO     cv_attendance.cv_engine: [AttendanceFramePipeline] original=5120x1440 | after_crop=2472x1348 | final_ai=923x503 | source_crop=True | ai_resize=True
[2026-06-27 19:01:20] INFO     cv_attendance.cv_engine: [AttendanceFramePipeline] original=5120x1440 | after_crop=2472x1348 | final_ai=923x503 | source_crop=True | ai_resize=True
[2026-06-27 19:01:25] INFO     cv_attendance.cv_engine: [AttendanceFramePipeline] original=5120x1440 | after_crop=2472x1348 | final_ai=923x503 | source_crop=True | ai_resize=True
[2026-06-27 19:01:30] INFO     cv_attendance.cv_engine: [AttendanceFramePipeline] original=5120x1440 | after_crop=2472x1348 | final_ai=923x503 | source_crop=True | ai_resize=True
[2026-06-27 19:01:35] INFO     cv_attendance.cv_engine: [AttendanceFramePipeline] original=5120x1440 | after_crop=2472x1348 | final_ai=923x503 | source_crop=True | ai_resize=True
[2026-06-27 19:01:41] INFO     cv_attendance.cv_engine: [AttendanceFramePipeline] original=5120x1440 | after_crop=2472x1348 | final_ai=923x503 | source_crop=True | ai_resize=True
[2026-06-27 19:01:46] INFO     cv_attendance.cv_engine: [AttendanceFramePipeline] original=5120x1440 | after_crop=2472x1348 | final_ai=923x503 | source_crop=True | ai_resize=True
[2026-06-27 19:01:51] INFO     cv_attendance.cv_engine: [AttendanceFramePipeline] original=5120x1440 | after_crop=2472x1348 | final_ai=923x503 | source_crop=True | ai_resize=True
[2026-06-27 19:01:56] INFO     cv_attendance.cv_engine: [AttendanceFramePipeline] original=5120x1440 | after_crop=2472x1348 | final_ai=923x503 | source_crop=True | ai_resize=True
[2026-06-27 19:02:01] INFO     cv_attendance.cv_engine: [AttendanceFramePipeline] original=5120x1440 | after_crop=2472x1348 | final_ai=923x503 | source_crop=True | ai_resize=True
[2026-06-27 19:02:06] INFO     cv_attendance.cv_engine: [AttendanceFramePipeline] original=5120x1440 | after_crop=2472x1348 | final_ai=923x503 | source_crop=True | ai_resize=True
[2026-06-27 19:02:12] INFO     cv_attendance.cv_engine: [AttendanceFramePipeline] original=5120x1440 | after_crop=2472x1348 | final_ai=923x503 | source_crop=True | ai_resize=True
[2026-06-27 19:02:17] INFO     cv_attendance.cv_engine: [AttendanceFramePipeline] original=5120x1440 | after_crop=2472x1348 | final_ai=923x503 | source_crop=True | ai_resize=True
[2026-06-27 19:02:22] INFO     cv_attendance.cv_engine: [AttendanceFramePipeline] original=5120x1440 | after_crop=2472x1348 | final_ai=923x503 | source_crop=True | ai_resize=True
[2026-06-27 19:02:27] INFO     cv_attendance.cv_engine: [AttendanceFramePipeline] original=5120x1440 | after_crop=2472x1348 | final_ai=923x503 | source_crop=True | ai_resize=True
[2026-06-27 19:02:32] INFO     cv_attendance.cv_engine: [AttendanceFramePipeline] original=5120x1440 | after_crop=2472x1348 | final_ai=923x503 | source_crop=True | ai_resize=True
[2026-06-27 19:02:37] INFO     cv_attendance.cv_engine: [AttendanceFramePipeline] original=5120x1440 | after_crop=2472x1348 | final_ai=923x503 | source_crop=True | ai_resize=True
[2026-06-27 19:02:42] INFO     cv_attendance.cv_engine: [AttendanceFramePipeline] original=5120x1440 | after_crop=2472x1348 | final_ai=923x503 | source_crop=True | ai_resize=True
[2026-06-27 19:02:47] INFO     cv_attendance.cv_engine: [AttendanceFramePipeline] original=5120x1440 | after_crop=2472x1348 | final_ai=923x503 | source_crop=True | ai_resize=True
[2026-06-27 19:02:52] INFO     cv_attendance.cv_engine: [AttendanceFramePipeline] original=5120x1440 | after_crop=2472x1348 | final_ai=923x503 | source_crop=True | ai_resize=True
[2026-06-27 19:02:57] INFO     cv_attendance.cv_engine: [AttendanceFramePipeline] original=5120x1440 | after_crop=2472x1348 | final_ai=923x503 | source_crop=True | ai_resize=True
[2026-06-27 19:03:02] INFO     cv_attendance.cv_engine: [AttendanceFramePipeline] original=5120x1440 | after_crop=2472x1348 | final_ai=923x503 | source_crop=True | ai_resize=True
[2026-06-27 19:03:08] INFO     cv_attendance.cv_engine: [AttendanceFramePipeline] original=5120x1440 | after_crop=2472x1348 | final_ai=923x503 | source_crop=True | ai_resize=True
[2026-06-27 19:03:13] INFO     cv_attendance.cv_engine: [AttendanceFramePipeline] original=5120x1440 | after_crop=2472x1348 | final_ai=923x503 | source_crop=True | ai_resize=True
[2026-06-27 19:03:18] INFO     cv_attendance.cv_engine: [AttendanceFramePipeline] original=5120x1440 | after_crop=2472x1348 | final_ai=923x503 | source_crop=True | ai_resize=True
[2026-06-27 19:03:23] INFO     cv_attendance.cv_engine: [AttendanceFramePipeline] original=5120x1440 | after_crop=2472x1348 | final_ai=923x503 | source_crop=True | ai_resize=True
[2026-06-27 19:03:28] INFO     cv_attendance.cv_engine: [AttendanceFramePipeline] original=5120x1440 | after_crop=2472x1348 | final_ai=923x503 | source_crop=True | ai_resize=True
[2026-06-27 19:03:33] INFO     cv_attendance.cv_engine: [AttendanceFramePipeline] original=5120x1440 | after_crop=2472x1348 | final_ai=923x503 | source_crop=True | ai_resize=True
[2026-06-27 19:03:38] INFO     cv_attendance.cv_engine: [AttendanceFramePipeline] original=5120x1440 | after_crop=2472x1348 | final_ai=923x503 | source_crop=True | ai_resize=True
[2026-06-27 19:03:44] INFO     cv_attendance.cv_engine: [AttendanceFramePipeline] original=5120x1440 | after_crop=2472x1348 | final_ai=923x503 | source_crop=True | ai_resize=True
[2026-06-27 19:03:49] INFO     cv_attendance.cv_engine: [AttendanceFramePipeline] original=5120x1440 | after_crop=2472x1348 | final_ai=923x503 | source_crop=True | ai_resize=True
[2026-06-27 19:03:54] INFO     cv_attendance.cv_engine: [AttendanceFramePipeline] original=5120x1440 | after_crop=2472x1348 | final_ai=923x503 | source_crop=True | ai_resize=True
[2026-06-27 19:03:59] INFO     cv_attendance.cv_engine: [AttendanceFramePipeline] original=5120x1440 | after_crop=2472x1348 | final_ai=923x503 | source_crop=True | ai_resize=True
[2026-06-27 19:04:04] INFO     cv_attendance.cv_engine: [AttendanceFramePipeline] original=5120x1440 | after_crop=2472x1348 | final_ai=923x503 | source_crop=True | ai_resize=True
[2026-06-27 19:04:09] INFO     cv_attendance.cv_engine: [AttendanceFramePipeline] original=5120x1440 | after_crop=2472x1348 | final_ai=923x503 | source_crop=True | ai_resize=True
[2026-06-27 19:04:14] INFO     cv_attendance.cv_engine: [AttendanceFramePipeline] original=5120x1440 | after_crop=2472x1348 | final_ai=923x503 | source_crop=True | ai_resize=True
[2026-06-27 19:04:19] INFO     cv_attendance.cv_engine: [AttendanceFramePipeline] original=5120x1440 | after_crop=2472x1348 | final_ai=923x503 | source_crop=True | ai_resize=True
[2026-06-27 19:04:24] INFO     cv_attendance.cv_engine: [AttendanceFramePipeline] original=5120x1440 | after_crop=2472x1348 | final_ai=923x503 | source_crop=True | ai_resize=True
[2026-06-27 19:04:29] INFO     cv_attendance.cv_engine: [AttendanceFramePipeline] original=5120x1440 | after_crop=2472x1348 | final_ai=923x503 | source_crop=True | ai_resize=True
[2026-06-27 19:04:35] INFO     cv_attendance.cv_engine: [AttendanceFramePipeline] original=5120x1440 | after_crop=2472x1348 | final_ai=923x503 | source_crop=True | ai_resize=True
[2026-06-27 19:04:40] INFO     cv_attendance.cv_engine: [AttendanceFramePipeline] original=5120x1440 | after_crop=2472x1348 | final_ai=923x503 | source_crop=True | ai_resize=True
[2026-06-27 19:04:45] INFO     cv_attendance.cv_engine: [AttendanceFramePipeline] original=5120x1440 | after_crop=2472x1348 | final_ai=923x503 | source_crop=True | ai_resize=True
[2026-06-27 19:04:50] INFO     cv_attendance.cv_engine: [AttendanceFramePipeline] original=5120x1440 | after_crop=2472x1348 | final_ai=923x503 | source_crop=True | ai_resize=True
[2026-06-27 19:04:55] INFO     cv_attendance.cv_engine: [AttendanceFramePipeline] original=5120x1440 | after_crop=2472x1348 | final_ai=923x503 | source_crop=True | ai_resize=True
[2026-06-27 19:05:00] INFO     cv_attendance.cv_engine: [AttendanceFramePipeline] original=5120x1440 | after_crop=2472x1348 | final_ai=923x503 | source_crop=True | ai_resize=True
[2026-06-27 19:05:05] INFO     cv_attendance.cv_engine: [AttendanceFramePipeline] original=5120x1440 | after_crop=2472x1348 | final_ai=923x503 | source_crop=True | ai_resize=True
[2026-06-27 19:05:10] INFO     cv_attendance.cv_engine: [AttendanceFramePipeline] original=5120x1440 | after_crop=2472x1348 | final_ai=923x503 | source_crop=True | ai_resize=True
[2026-06-27 19:05:15] INFO     cv_attendance.cv_engine: [AttendanceFramePipeline] original=5120x1440 | after_crop=2472x1348 | final_ai=923x503 | source_crop=True | ai_resize=True
[2026-06-27 19:05:20] INFO     cv_attendance.cv_engine: [AttendanceFramePipeline] original=5120x1440 | after_crop=2472x1348 | final_ai=923x503 | source_crop=True | ai_resize=True
[2026-06-27 19:05:25] INFO     cv_attendance.cv_engine: [AttendanceFramePipeline] original=5120x1440 | after_crop=2472x1348 | final_ai=923x503 | source_crop=True | ai_resize=True
[2026-06-27 19:05:31] INFO     cv_attendance.cv_engine: [AttendanceFramePipeline] original=5120x1440 | after_crop=2472x1348 | final_ai=923x503 | source_crop=True | ai_resize=True
[2026-06-27 19:05:36] INFO     cv_attendance.cv_engine: [AttendanceFramePipeline] original=5120x1440 | after_crop=2472x1348 | final_ai=923x503 | source_crop=True | ai_resize=True
[2026-06-27 19:05:41] INFO     cv_attendance.cv_engine: [AttendanceFramePipeline] original=5120x1440 | after_crop=2472x1348 | final_ai=923x503 | source_crop=True | ai_resize=True
[2026-06-27 19:05:46] INFO     cv_attendance.cv_engine: [AttendanceFramePipeline] original=5120x1440 | after_crop=2472x1348 | final_ai=923x503 | source_crop=True | ai_resize=True
[2026-06-27 19:05:51] INFO     cv_attendance.cv_engine: [AttendanceFramePipeline] original=5120x1440 | after_crop=2472x1348 | final_ai=923x503 | source_crop=True | ai_resize=True
[2026-06-27 19:05:56] INFO     cv_attendance.cv_engine: [AttendanceFramePipeline] original=5120x1440 | after_crop=2472x1348 | final_ai=923x503 | source_crop=True | ai_resize=True
[2026-06-27 19:06:01] INFO     cv_attendance.cv_engine: [AttendanceFramePipeline] original=5120x1440 | after_crop=2472x1348 | final_ai=923x503 | source_crop=True | ai_resize=True
[2026-06-27 19:06:06] INFO     cv_attendance.cv_engine: [AttendanceFramePipeline] original=5120x1440 | after_crop=2472x1348 | final_ai=923x503 | source_crop=True | ai_resize=True
[2026-06-27 19:06:11] INFO     cv_attendance.cv_engine: [AttendanceFramePipeline] original=5120x1440 | after_crop=2472x1348 | final_ai=923x503 | source_crop=True | ai_resize=True
[2026-06-27 19:06:17] INFO     cv_attendance.cv_engine: [AttendanceFramePipeline] original=5120x1440 | after_crop=2472x1348 | final_ai=923x503 | source_crop=True | ai_resize=True
[2026-06-27 19:06:22] INFO     cv_attendance.cv_engine: [AttendanceFramePipeline] original=5120x1440 | after_crop=2472x1348 | final_ai=923x503 | source_crop=True | ai_resize=True
[2026-06-27 19:06:27] INFO     cv_attendance.cv_engine: [AttendanceFramePipeline] original=5120x1440 | after_crop=2472x1348 | final_ai=923x503 | source_crop=True | ai_resize=True
[2026-06-27 19:06:32] INFO     cv_attendance.cv_engine: [AttendanceFramePipeline] original=5120x1440 | after_crop=2472x1348 | final_ai=923x503 | source_crop=True | ai_resize=True
[2026-06-27 19:06:37] INFO     cv_attendance.cv_engine: [AttendanceFramePipeline] original=5120x1440 | after_crop=2472x1348 | final_ai=923x503 | source_crop=True | ai_resize=True
[2026-06-27 19:06:42] INFO     cv_attendance.cv_engine: [AttendanceFramePipeline] original=5120x1440 | after_crop=2472x1348 | final_ai=923x503 | source_crop=True | ai_resize=True
[2026-06-27 19:06:47] INFO     cv_attendance.cv_engine: [AttendanceFramePipeline] original=5120x1440 | after_crop=2472x1348 | final_ai=923x503 | source_crop=True | ai_resize=True
[2026-06-27 19:06:52] INFO     cv_attendance.cv_engine: [AttendanceFramePipeline] original=5120x1440 | after_crop=2472x1348 | final_ai=923x503 | source_crop=True | ai_resize=True
[2026-06-27 19:06:57] INFO     cv_attendance.cv_engine: [AttendanceFramePipeline] original=5120x1440 | after_crop=2472x1348 | final_ai=923x503 | source_crop=True | ai_resize=True
[2026-06-27 19:07:03] INFO     cv_attendance.cv_engine: [AttendanceFramePipeline] original=5120x1440 | after_crop=2472x1348 | final_ai=923x503 | source_crop=True | ai_resize=True
[2026-06-27 19:07:08] INFO     cv_attendance.cv_engine: [AttendanceFramePipeline] original=5120x1440 | after_crop=2472x1348 | final_ai=923x503 | source_crop=True | ai_resize=True
[2026-06-27 19:07:13] INFO     cv_attendance.cv_engine: [AttendanceFramePipeline] original=5120x1440 | after_crop=2472x1348 | final_ai=923x503 | source_crop=True | ai_resize=True
[2026-06-27 19:07:18] INFO     cv_attendance.cv_engine: [AttendanceFramePipeline] original=5120x1440 | after_crop=2472x1348 | final_ai=923x503 | source_crop=True | ai_resize=True
[2026-06-27 19:07:23] INFO     cv_attendance.cv_engine: [AttendanceFramePipeline] original=5120x1440 | after_crop=2472x1348 | final_ai=923x503 | source_crop=True | ai_resize=True
[2026-06-27 19:07:28] INFO     cv_attendance.cv_engine: [AttendanceFramePipeline] original=5120x1440 | after_crop=2472x1348 | final_ai=923x503 | source_crop=True | ai_resize=True
[2026-06-27 19:07:33] INFO     cv_attendance.cv_engine: [AttendanceFramePipeline] original=5120x1440 | after_crop=2472x1348 | final_ai=923x503 | source_crop=True | ai_resize=True
[2026-06-27 19:07:38] INFO     cv_attendance.cv_engine: [AttendanceFramePipeline] original=5120x1440 | after_crop=2472x1348 | final_ai=923x503 | source_crop=True | ai_resize=True
[2026-06-27 19:07:43] INFO     cv_attendance.cv_engine: [AttendanceFramePipeline] original=5120x1440 | after_crop=2472x1348 | final_ai=923x503 | source_crop=True | ai_resize=True
[2026-06-27 19:07:48] INFO     cv_attendance.cv_engine: [AttendanceFramePipeline] original=5120x1440 | after_crop=2472x1348 | final_ai=923x503 | source_crop=True | ai_resize=True
[2026-06-27 19:07:54] INFO     cv_attendance.cv_engine: [AttendanceFramePipeline] original=5120x1440 | after_crop=2472x1348 | final_ai=923x503 | source_crop=True | ai_resize=True
[2026-06-27 19:07:59] INFO     cv_attendance.cv_engine: [AttendanceFramePipeline] original=5120x1440 | after_crop=2472x1348 | final_ai=923x503 | source_crop=True | ai_resize=True
[2026-06-27 19:08:04] INFO     cv_attendance.cv_engine: [AttendanceFramePipeline] original=5120x1440 | after_crop=2472x1348 | final_ai=923x503 | source_crop=True | ai_resize=True
[2026-06-27 19:08:09] INFO     cv_attendance.cv_engine: [AttendanceFramePipeline] original=5120x1440 | after_crop=2472x1348 | final_ai=923x503 | source_crop=True | ai_resize=True
[2026-06-27 19:08:14] INFO     cv_attendance.cv_engine: [AttendanceFramePipeline] original=5120x1440 | after_crop=2472x1348 | final_ai=923x503 | source_crop=True | ai_resize=True
[2026-06-27 19:08:19] INFO     cv_attendance.cv_engine: [AttendanceFramePipeline] original=5120x1440 | after_crop=2472x1348 | final_ai=923x503 | source_crop=True | ai_resize=True
[2026-06-27 19:08:24] INFO     cv_attendance.cv_engine: [AttendanceFramePipeline] original=5120x1440 | after_crop=2472x1348 | final_ai=923x503 | source_crop=True | ai_resize=True
[2026-06-27 19:08:29] INFO     cv_attendance.cv_engine: [AttendanceFramePipeline] original=5120x1440 | after_crop=2472x1348 | final_ai=923x503 | source_crop=True | ai_resize=True
[2026-06-27 19:08:34] INFO     cv_attendance.cv_engine: [AttendanceFramePipeline] original=5120x1440 | after_crop=2472x1348 | final_ai=923x503 | source_crop=True | ai_resize=True
[2026-06-27 19:08:39] INFO     cv_attendance.cv_engine: [AttendanceFramePipeline] original=5120x1440 | after_crop=2472x1348 | final_ai=923x503 | source_crop=True | ai_resize=True
[2026-06-27 19:08:44] INFO     cv_attendance.cv_engine: [AttendanceFramePipeline] original=5120x1440 | after_crop=2472x1348 | final_ai=923x503 | source_crop=True | ai_resize=True
[2026-06-27 19:08:50] INFO     cv_attendance.cv_engine: [AttendanceFramePipeline] original=5120x1440 | after_crop=2472x1348 | final_ai=923x503 | source_crop=True | ai_resize=True
[2026-06-27 19:08:55] INFO     cv_attendance.cv_engine: [AttendanceFramePipeline] original=5120x1440 | after_crop=2472x1348 | final_ai=923x503 | source_crop=True | ai_resize=True
[2026-06-27 19:09:00] INFO     cv_attendance.cv_engine: [AttendanceFramePipeline] original=5120x1440 | after_crop=2472x1348 | final_ai=923x503 | source_crop=True | ai_resize=True
[2026-06-27 19:09:05] INFO     cv_attendance.cv_engine: [AttendanceFramePipeline] original=5120x1440 | after_crop=2472x1348 | final_ai=923x503 | source_crop=True | ai_resize=True
[2026-06-27 19:09:10] INFO     cv_attendance.cv_engine: [AttendanceFramePipeline] original=5120x1440 | after_crop=2472x1348 | final_ai=923x503 | source_crop=True | ai_resize=True
[2026-06-27 19:09:15] INFO     cv_attendance.cv_engine: [AttendanceFramePipeline] original=5120x1440 | after_crop=2472x1348 | final_ai=923x503 | source_crop=True | ai_resize=True
[2026-06-27 19:09:20] INFO     cv_attendance.cv_engine: [AttendanceFramePipeline] original=5120x1440 | after_crop=2472x1348 | final_ai=923x503 | source_crop=True | ai_resize=True
[2026-06-27 19:09:25] INFO     cv_attendance.cv_engine: [AttendanceFramePipeline] original=5120x1440 | after_crop=2472x1348 | final_ai=923x503 | source_crop=True | ai_resize=True
[2026-06-27 19:09:30] INFO     cv_attendance.cv_engine: [AttendanceFramePipeline] original=5120x1440 | after_crop=2472x1348 | final_ai=923x503 | source_crop=True | ai_resize=True
[2026-06-27 19:09:35] INFO     cv_attendance.cv_engine: [AttendanceFramePipeline] original=5120x1440 | after_crop=2472x1348 | final_ai=923x503 | source_crop=True | ai_resize=True
[2026-06-27 19:09:40] INFO     cv_attendance.cv_engine: [AttendanceFramePipeline] original=5120x1440 | after_crop=2472x1348 | final_ai=923x503 | source_crop=True | ai_resize=True
[2026-06-27 19:09:46] INFO     cv_attendance.cv_engine: [AttendanceFramePipeline] original=5120x1440 | after_crop=2472x1348 | final_ai=923x503 | source_crop=True | ai_resize=True
[2026-06-27 19:09:51] INFO     cv_attendance.cv_engine: [AttendanceFramePipeline] original=5120x1440 | after_crop=2472x1348 | final_ai=923x503 | source_crop=True | ai_resize=True
[2026-06-27 19:09:56] INFO     cv_attendance.cv_engine: [AttendanceFramePipeline] original=5120x1440 | after_crop=2472x1348 | final_ai=923x503 | source_crop=True | ai_resize=True
[2026-06-27 19:10:01] INFO     cv_attendance.cv_engine: [AttendanceFramePipeline] original=5120x1440 | after_crop=2472x1348 | final_ai=923x503 | source_crop=True | ai_resize=True
[2026-06-27 19:10:06] INFO     cv_attendance.cv_engine: [AttendanceFramePipeline] original=5120x1440 | after_crop=2472x1348 | final_ai=923x503 | source_crop=True | ai_resize=True
[2026-06-27 19:10:11] INFO     cv_attendance.cv_engine: [AttendanceFramePipeline] original=5120x1440 | after_crop=2472x1348 | final_ai=923x503 | source_crop=True | ai_resize=True
[2026-06-27 19:10:16] INFO     cv_attendance.cv_engine: [AttendanceFramePipeline] original=5120x1440 | after_crop=2472x1348 | final_ai=923x503 | source_crop=True | ai_resize=True
[2026-06-27 19:10:21] INFO     cv_attendance.cv_engine: [AttendanceFramePipeline] original=5120x1440 | after_crop=2472x1348 | final_ai=923x503 | source_crop=True | ai_resize=True
[2026-06-27 19:10:26] INFO     cv_attendance.cv_engine: [AttendanceFramePipeline] original=5120x1440 | after_crop=2472x1348 | final_ai=923x503 | source_crop=True | ai_resize=True
[2026-06-27 19:10:31] INFO     cv_attendance.cv_engine: [AttendanceFramePipeline] original=5120x1440 | after_crop=2472x1348 | final_ai=923x503 | source_crop=True | ai_resize=True
[2026-06-27 19:10:36] INFO     cv_attendance.cv_engine: [AttendanceFramePipeline] original=5120x1440 | after_crop=2472x1348 | final_ai=923x503 | source_crop=True | ai_resize=True
[2026-06-27 19:10:42] INFO     cv_attendance.cv_engine: [AttendanceFramePipeline] original=5120x1440 | after_crop=2472x1348 | final_ai=923x503 | source_crop=True | ai_resize=True
[2026-06-27 19:10:47] INFO     cv_attendance.cv_engine: [AttendanceFramePipeline] original=5120x1440 | after_crop=2472x1348 | final_ai=923x503 | source_crop=True | ai_resize=True
[2026-06-27 19:10:52] INFO     cv_attendance.cv_engine: [AttendanceFramePipeline] original=5120x1440 | after_crop=2472x1348 | final_ai=923x503 | source_crop=True | ai_resize=True
[2026-06-27 19:10:57] INFO     cv_attendance.cv_engine: [AttendanceFramePipeline] original=5120x1440 | after_crop=2472x1348 | final_ai=923x503 | source_crop=True | ai_resize=True
[2026-06-27 19:11:02] INFO     cv_attendance.cv_engine: [AttendanceFramePipeline] original=5120x1440 | after_crop=2472x1348 | final_ai=923x503 | source_crop=True | ai_resize=True
[2026-06-27 19:11:07] INFO     cv_attendance.cv_engine: [AttendanceFramePipeline] original=5120x1440 | after_crop=2472x1348 | final_ai=923x503 | source_crop=True | ai_resize=True
[2026-06-27 19:11:12] INFO     cv_attendance.cv_engine: [AttendanceFramePipeline] original=5120x1440 | after_crop=2472x1348 | final_ai=923x503 | source_crop=True | ai_resize=True
[2026-06-27 19:11:17] INFO     cv_attendance.cv_engine: [AttendanceFramePipeline] original=5120x1440 | after_crop=2472x1348 | final_ai=923x503 | source_crop=True | ai_resize=True
[2026-06-27 19:11:23] INFO     cv_attendance.cv_engine: [AttendanceFramePipeline] original=5120x1440 | after_crop=2472x1348 | final_ai=923x503 | source_crop=True | ai_resize=True
[2026-06-27 19:11:28] INFO     cv_attendance.cv_engine: [AttendanceFramePipeline] original=5120x1440 | after_crop=2472x1348 | final_ai=923x503 | source_crop=True | ai_resize=True
[2026-06-27 19:11:33] INFO     cv_attendance.cv_engine: [AttendanceFramePipeline] original=5120x1440 | after_crop=2472x1348 | final_ai=923x503 | source_crop=True | ai_resize=True
[2026-06-27 19:11:38] INFO     cv_attendance.cv_engine: [AttendanceFramePipeline] original=5120x1440 | after_crop=2472x1348 | final_ai=923x503 | source_crop=True | ai_resize=True
[2026-06-27 19:11:43] INFO     cv_attendance.cv_engine: [AttendanceFramePipeline] original=5120x1440 | after_crop=2472x1348 | final_ai=923x503 | source_crop=True | ai_resize=True
[2026-06-27 19:11:48] INFO     cv_attendance.cv_engine: [AttendanceFramePipeline] original=5120x1440 | after_crop=2472x1348 | final_ai=923x503 | source_crop=True | ai_resize=True
[2026-06-27 19:11:53] INFO     cv_attendance.cv_engine: [AttendanceFramePipeline] original=5120x1440 | after_crop=2472x1348 | final_ai=923x503 | source_crop=True | ai_resize=True
[2026-06-27 19:11:58] INFO     cv_attendance.cv_engine: [AttendanceFramePipeline] original=5120x1440 | after_crop=2472x1348 | final_ai=923x503 | source_crop=True | ai_resize=True
[2026-06-27 19:12:03] INFO     cv_attendance.cv_engine: [AttendanceFramePipeline] original=5120x1440 | after_crop=2472x1348 | final_ai=923x503 | source_crop=True | ai_resize=True
[2026-06-27 19:12:08] INFO     cv_attendance.cv_engine: [AttendanceFramePipeline] original=5120x1440 | after_crop=2472x1348 | final_ai=923x503 | source_crop=True | ai_resize=True
[2026-06-27 19:12:14] INFO     cv_attendance.cv_engine: [AttendanceFramePipeline] original=5120x1440 | after_crop=2472x1348 | final_ai=923x503 | source_crop=True | ai_resize=True
[2026-06-27 19:12:19] INFO     cv_attendance.cv_engine: [AttendanceFramePipeline] original=5120x1440 | after_crop=2472x1348 | final_ai=923x503 | source_crop=True | ai_resize=True
[2026-06-27 19:12:24] INFO     cv_attendance.cv_engine: [AttendanceFramePipeline] original=5120x1440 | after_crop=2472x1348 | final_ai=923x503 | source_crop=True | ai_resize=True
[2026-06-27 19:12:29] INFO     cv_attendance.cv_engine: [AttendanceFramePipeline] original=5120x1440 | after_crop=2472x1348 | final_ai=923x503 | source_crop=True | ai_resize=True
[2026-06-27 19:12:34] INFO     cv_attendance.cv_engine: [AttendanceFramePipeline] original=5120x1440 | after_crop=2472x1348 | final_ai=923x503 | source_crop=True | ai_resize=True
[2026-06-27 19:12:39] INFO     cv_attendance.cv_engine: [AttendanceFramePipeline] original=5120x1440 | after_crop=2472x1348 | final_ai=923x503 | source_crop=True | ai_resize=True
[2026-06-27 19:12:44] INFO     cv_attendance.cv_engine: [AttendanceFramePipeline] original=5120x1440 | after_crop=2472x1348 | final_ai=923x503 | source_crop=True | ai_resize=True
[2026-06-27 19:12:49] INFO     cv_attendance.cv_engine: [AttendanceFramePipeline] original=5120x1440 | after_crop=2472x1348 | final_ai=923x503 | source_crop=True | ai_resize=True
[2026-06-27 19:12:54] INFO     cv_attendance.cv_engine: [AttendanceFramePipeline] original=5120x1440 | after_crop=2472x1348 | final_ai=923x503 | source_crop=True | ai_resize=True
[2026-06-27 19:12:59] INFO     cv_attendance.cv_engine: [AttendanceFramePipeline] original=5120x1440 | after_crop=2472x1348 | final_ai=923x503 | source_crop=True | ai_resize=True
[2026-06-27 19:13:04] INFO     cv_attendance.cv_engine: [AttendanceFramePipeline] original=5120x1440 | after_crop=2472x1348 | final_ai=923x503 | source_crop=True | ai_resize=True
[2026-06-27 19:13:10] INFO     cv_attendance.cv_engine: [AttendanceFramePipeline] original=5120x1440 | after_crop=2472x1348 | final_ai=923x503 | source_crop=True | ai_resize=True
[2026-06-27 19:13:15] INFO     cv_attendance.cv_engine: [AttendanceFramePipeline] original=5120x1440 | after_crop=2472x1348 | final_ai=923x503 | source_crop=True | ai_resize=True
[2026-06-27 19:13:20] INFO     cv_attendance.cv_engine: [AttendanceFramePipeline] original=5120x1440 | after_crop=2472x1348 | final_ai=923x503 | source_crop=True | ai_resize=True
[2026-06-27 19:13:25] INFO     cv_attendance.cv_engine: [AttendanceFramePipeline] original=5120x1440 | after_crop=2472x1348 | final_ai=923x503 | source_crop=True | ai_resize=True
[2026-06-27 19:13:30] INFO     cv_attendance.cv_engine: [AttendanceFramePipeline] original=5120x1440 | after_crop=2472x1348 | final_ai=923x503 | source_crop=True | ai_resize=True
[2026-06-27 19:13:35] INFO     cv_attendance.cv_engine: [AttendanceFramePipeline] original=5120x1440 | after_crop=2472x1348 | final_ai=923x503 | source_crop=True | ai_resize=True
[2026-06-27 19:13:40] INFO     cv_attendance.cv_engine: [AttendanceFramePipeline] original=5120x1440 | after_crop=2472x1348 | final_ai=923x503 | source_crop=True | ai_resize=True
[2026-06-27 19:13:45] INFO     cv_attendance.cv_engine: [AttendanceFramePipeline] original=5120x1440 | after_crop=2472x1348 | final_ai=923x503 | source_crop=True | ai_resize=True
[2026-06-27 19:13:50] INFO     cv_attendance.cv_engine: [AttendanceFramePipeline] original=5120x1440 | after_crop=2472x1348 | final_ai=923x503 | source_crop=True | ai_resize=True
[2026-06-27 19:13:55] INFO     cv_attendance.cv_engine: [AttendanceFramePipeline] original=5120x1440 | after_crop=2472x1348 | final_ai=923x503 | source_crop=True | ai_resize=True
[2026-06-27 19:14:00] INFO     cv_attendance.cv_engine: [AttendanceFramePipeline] original=5120x1440 | after_crop=2472x1348 | final_ai=923x503 | source_crop=True | ai_resize=True
[2026-06-27 19:14:06] INFO     cv_attendance.cv_engine: [AttendanceFramePipeline] original=5120x1440 | after_crop=2472x1348 | final_ai=923x503 | source_crop=True | ai_resize=True
[2026-06-27 19:14:11] INFO     cv_attendance.cv_engine: [AttendanceFramePipeline] original=5120x1440 | after_crop=2472x1348 | final_ai=923x503 | source_crop=True | ai_resize=True
[2026-06-27 19:14:16] INFO     cv_attendance.cv_engine: [AttendanceFramePipeline] original=5120x1440 | after_crop=2472x1348 | final_ai=923x503 | source_crop=True | ai_resize=True
[2026-06-27 19:14:21] INFO     cv_attendance.cv_engine: [AttendanceFramePipeline] original=5120x1440 | after_crop=2472x1348 | final_ai=923x503 | source_crop=True | ai_resize=True
[2026-06-27 19:14:26] INFO     cv_attendance.cv_engine: [AttendanceFramePipeline] original=5120x1440 | after_crop=2472x1348 | final_ai=923x503 | source_crop=True | ai_resize=True
[2026-06-27 19:14:31] INFO     cv_attendance.cv_engine: [AttendanceFramePipeline] original=5120x1440 | after_crop=2472x1348 | final_ai=923x503 | source_crop=True | ai_resize=True
[2026-06-27 19:14:36] INFO     cv_attendance.cv_engine: [AttendanceFramePipeline] original=5120x1440 | after_crop=2472x1348 | final_ai=923x503 | source_crop=True | ai_resize=True
[2026-06-27 19:14:41] INFO     cv_attendance.cv_engine: [AttendanceFramePipeline] original=5120x1440 | after_crop=2472x1348 | final_ai=923x503 | source_crop=True | ai_resize=True
[2026-06-27 19:14:46] INFO     cv_attendance.cv_engine: [AttendanceFramePipeline] original=5120x1440 | after_crop=2472x1348 | final_ai=923x503 | source_crop=True | ai_resize=True
[2026-06-27 19:14:51] INFO     cv_attendance.cv_engine: [AttendanceFramePipeline] original=5120x1440 | after_crop=2472x1348 | final_ai=923x503 | source_crop=True | ai_resize=True
[2026-06-27 19:14:56] INFO     cv_attendance.cv_engine: [AttendanceFramePipeline] original=5120x1440 | after_crop=2472x1348 | final_ai=923x503 | source_crop=True | ai_resize=True
[2026-06-27 19:15:02] INFO     cv_attendance.cv_engine: [AttendanceFramePipeline] original=5120x1440 | after_crop=2472x1348 | final_ai=923x503 | source_crop=True | ai_resize=True
[2026-06-27 19:15:07] INFO     cv_attendance.cv_engine: [AttendanceFramePipeline] original=5120x1440 | after_crop=2472x1348 | final_ai=923x503 | source_crop=True | ai_resize=True
[2026-06-27 19:15:12] INFO     cv_attendance.cv_engine: [AttendanceFramePipeline] original=5120x1440 | after_crop=2472x1348 | final_ai=923x503 | source_crop=True | ai_resize=True
[2026-06-27 19:15:17] INFO     cv_attendance.cv_engine: [AttendanceFramePipeline] original=5120x1440 | after_crop=2472x1348 | final_ai=923x503 | source_crop=True | ai_resize=True
[2026-06-27 19:15:22] INFO     cv_attendance.cv_engine: [AttendanceFramePipeline] original=5120x1440 | after_crop=2472x1348 | final_ai=923x503 | source_crop=True | ai_resize=True
[2026-06-27 19:15:27] INFO     cv_attendance.cv_engine: [AttendanceFramePipeline] original=5120x1440 | after_crop=2472x1348 | final_ai=923x503 | source_crop=True | ai_resize=True
[2026-06-27 19:15:32] INFO     cv_attendance.cv_engine: [AttendanceFramePipeline] original=5120x1440 | after_crop=2472x1348 | final_ai=923x503 | source_crop=True | ai_resize=True
[2026-06-27 19:15:37] INFO     cv_attendance.cv_engine: [AttendanceFramePipeline] original=5120x1440 | after_crop=2472x1348 | final_ai=923x503 | source_crop=True | ai_resize=True
[2026-06-27 19:15:42] INFO     cv_attendance.cv_engine: [AttendanceFramePipeline] original=5120x1440 | after_crop=2472x1348 | final_ai=923x503 | source_crop=True | ai_resize=True
[2026-06-27 19:15:47] INFO     cv_attendance.cv_engine: [AttendanceFramePipeline] original=5120x1440 | after_crop=2472x1348 | final_ai=923x503 | source_crop=True | ai_resize=True
[2026-06-27 19:15:52] INFO     cv_attendance.cv_engine: [AttendanceFramePipeline] original=5120x1440 | after_crop=2472x1348 | final_ai=923x503 | source_crop=True | ai_resize=True
[2026-06-27 19:15:57] INFO     cv_attendance.cv_engine: [AttendanceFramePipeline] original=5120x1440 | after_crop=2472x1348 | final_ai=923x503 | source_crop=True | ai_resize=True
[2026-06-27 19:16:02] INFO     cv_attendance.cv_engine: [AttendanceFramePipeline] original=5120x1440 | after_crop=2472x1348 | final_ai=923x503 | source_crop=True | ai_resize=True
[2026-06-27 19:16:08] INFO     cv_attendance.cv_engine: [AttendanceFramePipeline] original=5120x1440 | after_crop=2472x1348 | final_ai=923x503 | source_crop=True | ai_resize=True
[2026-06-27 19:16:13] INFO     cv_attendance.cv_engine: [AttendanceFramePipeline] original=5120x1440 | after_crop=2472x1348 | final_ai=923x503 | source_crop=True | ai_resize=True
[2026-06-27 19:16:18] INFO     cv_attendance.cv_engine: [AttendanceFramePipeline] original=5120x1440 | after_crop=2472x1348 | final_ai=923x503 | source_crop=True | ai_resize=True
[2026-06-27 19:16:23] INFO     cv_attendance.cv_engine: [AttendanceFramePipeline] original=5120x1440 | after_crop=2472x1348 | final_ai=923x503 | source_crop=True | ai_resize=True
[2026-06-27 19:16:28] INFO     cv_attendance.cv_engine: [AttendanceFramePipeline] original=5120x1440 | after_crop=2472x1348 | final_ai=923x503 | source_crop=True | ai_resize=True
[2026-06-27 19:16:33] INFO     cv_attendance.cv_engine: [AttendanceFramePipeline] original=5120x1440 | after_crop=2472x1348 | final_ai=923x503 | source_crop=True | ai_resize=True
[2026-06-27 19:16:38] INFO     cv_attendance.cv_engine: [AttendanceFramePipeline] original=5120x1440 | after_crop=2472x1348 | final_ai=923x503 | source_crop=True | ai_resize=True
[2026-06-27 19:16:43] INFO     cv_attendance.cv_engine: [AttendanceFramePipeline] original=5120x1440 | after_crop=2472x1348 | final_ai=923x503 | source_crop=True | ai_resize=True
[2026-06-27 19:16:48] INFO     cv_attendance.cv_engine: [AttendanceFramePipeline] original=5120x1440 | after_crop=2472x1348 | final_ai=923x503 | source_crop=True | ai_resize=True
[2026-06-27 19:16:53] INFO     cv_attendance.cv_engine: [AttendanceFramePipeline] original=5120x1440 | after_crop=2472x1348 | final_ai=923x503 | source_crop=True | ai_resize=True
[2026-06-27 19:16:58] INFO     cv_attendance.cv_engine: [AttendanceFramePipeline] original=5120x1440 | after_crop=2472x1348 | final_ai=923x503 | source_crop=True | ai_resize=True
[2026-06-27 19:17:04] INFO     cv_attendance.cv_engine: [AttendanceFramePipeline] original=5120x1440 | after_crop=2472x1348 | final_ai=923x503 | source_crop=True | ai_resize=True
[2026-06-27 19:17:09] INFO     cv_attendance.cv_engine: [AttendanceFramePipeline] original=5120x1440 | after_crop=2472x1348 | final_ai=923x503 | source_crop=True | ai_resize=True
[2026-06-27 19:17:14] INFO     cv_attendance.cv_engine: [AttendanceFramePipeline] original=5120x1440 | after_crop=2472x1348 | final_ai=923x503 | source_crop=True | ai_resize=True
[2026-06-27 19:17:19] INFO     cv_attendance.cv_engine: [AttendanceFramePipeline] original=5120x1440 | after_crop=2472x1348 | final_ai=923x503 | source_crop=True | ai_resize=True
[2026-06-27 19:17:24] INFO     cv_attendance.cv_engine: [AttendanceFramePipeline] original=5120x1440 | after_crop=2472x1348 | final_ai=923x503 | source_crop=True | ai_resize=True
[2026-06-27 19:17:29] INFO     cv_attendance.cv_engine: [AttendanceFramePipeline] original=5120x1440 | after_crop=2472x1348 | final_ai=923x503 | source_crop=True | ai_resize=True
[2026-06-27 19:17:34] INFO     cv_attendance.cv_engine: [AttendanceFramePipeline] original=5120x1440 | after_crop=2472x1348 | final_ai=923x503 | source_crop=True | ai_resize=True
[2026-06-27 19:17:39] INFO     cv_attendance.cv_engine: [AttendanceFramePipeline] original=5120x1440 | after_crop=2472x1348 | final_ai=923x503 | source_crop=True | ai_resize=True
[2026-06-27 19:17:44] INFO     cv_attendance.cv_engine: [AttendanceFramePipeline] original=5120x1440 | after_crop=2472x1348 | final_ai=923x503 | source_crop=True | ai_resize=True
[2026-06-27 19:17:49] INFO     cv_attendance.cv_engine: [AttendanceFramePipeline] original=5120x1440 | after_crop=2472x1348 | final_ai=923x503 | source_crop=True | ai_resize=True
[2026-06-27 19:17:54] INFO     cv_attendance.cv_engine: [AttendanceFramePipeline] original=5120x1440 | after_crop=2472x1348 | final_ai=923x503 | source_crop=True | ai_resize=True
[2026-06-27 19:18:00] INFO     cv_attendance.cv_engine: [AttendanceFramePipeline] original=5120x1440 | after_crop=2472x1348 | final_ai=923x503 | source_crop=True | ai_resize=True
[2026-06-27 19:18:05] INFO     cv_attendance.cv_engine: [AttendanceFramePipeline] original=5120x1440 | after_crop=2472x1348 | final_ai=923x503 | source_crop=True | ai_resize=True
[2026-06-27 19:18:10] INFO     cv_attendance.cv_engine: [AttendanceFramePipeline] original=5120x1440 | after_crop=2472x1348 | final_ai=923x503 | source_crop=True | ai_resize=True
[2026-06-27 19:18:15] INFO     cv_attendance.cv_engine: [AttendanceFramePipeline] original=5120x1440 | after_crop=2472x1348 | final_ai=923x503 | source_crop=True | ai_resize=True
[2026-06-27 19:18:20] INFO     cv_attendance.cv_engine: [AttendanceFramePipeline] original=5120x1440 | after_crop=2472x1348 | final_ai=923x503 | source_crop=True | ai_resize=True
[2026-06-27 19:18:25] INFO     cv_attendance.cv_engine: [AttendanceFramePipeline] original=5120x1440 | after_crop=2472x1348 | final_ai=923x503 | source_crop=True | ai_resize=True
[2026-06-27 19:18:30] INFO     cv_attendance.cv_engine: [AttendanceFramePipeline] original=5120x1440 | after_crop=2472x1348 | final_ai=923x503 | source_crop=True | ai_resize=True
[2026-06-27 19:18:35] INFO     cv_attendance.cv_engine: [AttendanceFramePipeline] original=5120x1440 | after_crop=2472x1348 | final_ai=923x503 | source_crop=True | ai_resize=True
[2026-06-27 19:18:40] INFO     cv_attendance.cv_engine: [AttendanceFramePipeline] original=5120x1440 | after_crop=2472x1348 | final_ai=923x503 | source_crop=True | ai_resize=True
[2026-06-27 19:18:45] INFO     cv_attendance.cv_engine: [AttendanceFramePipeline] original=5120x1440 | after_crop=2472x1348 | final_ai=923x503 | source_crop=True | ai_resize=True
[2026-06-27 19:18:50] INFO     cv_attendance.cv_engine: [AttendanceFramePipeline] original=5120x1440 | after_crop=2472x1348 | final_ai=923x503 | source_crop=True | ai_resize=True
[2026-06-27 19:18:56] INFO     cv_attendance.cv_engine: [AttendanceFramePipeline] original=5120x1440 | after_crop=2472x1348 | final_ai=923x503 | source_crop=True | ai_resize=True
[2026-06-27 19:19:01] INFO     cv_attendance.cv_engine: [AttendanceFramePipeline] original=5120x1440 | after_crop=2472x1348 | final_ai=923x503 | source_crop=True | ai_resize=True
[2026-06-27 19:19:06] INFO     cv_attendance.cv_engine: [AttendanceFramePipeline] original=5120x1440 | after_crop=2472x1348 | final_ai=923x503 | source_crop=True | ai_resize=True
[2026-06-27 19:19:11] INFO     cv_attendance.cv_engine: [AttendanceFramePipeline] original=5120x1440 | after_crop=2472x1348 | final_ai=923x503 | source_crop=True | ai_resize=True
[2026-06-27 19:19:16] INFO     cv_attendance.cv_engine: [AttendanceFramePipeline] original=5120x1440 | after_crop=2472x1348 | final_ai=923x503 | source_crop=True | ai_resize=True
[2026-06-27 19:19:21] INFO     cv_attendance.cv_engine: [AttendanceFramePipeline] original=5120x1440 | after_crop=2472x1348 | final_ai=923x503 | source_crop=True | ai_resize=True
[2026-06-27 19:19:26] INFO     cv_attendance.cv_engine: [AttendanceFramePipeline] original=5120x1440 | after_crop=2472x1348 | final_ai=923x503 | source_crop=True | ai_resize=True
[2026-06-27 19:19:31] INFO     cv_attendance.cv_engine: [AttendanceFramePipeline] original=5120x1440 | after_crop=2472x1348 | final_ai=923x503 | source_crop=True | ai_resize=True
[2026-06-27 19:19:36] INFO     cv_attendance.cv_engine: [AttendanceFramePipeline] original=5120x1440 | after_crop=2472x1348 | final_ai=923x503 | source_crop=True | ai_resize=True
[2026-06-27 19:19:41] INFO     cv_attendance.cv_engine: [AttendanceFramePipeline] original=5120x1440 | after_crop=2472x1348 | final_ai=923x503 | source_crop=True | ai_resize=True
[2026-06-27 19:19:46] INFO     cv_attendance.cv_engine: [AttendanceFramePipeline] original=5120x1440 | after_crop=2472x1348 | final_ai=923x503 | source_crop=True | ai_resize=True
[2026-06-27 19:19:52] INFO     cv_attendance.cv_engine: [AttendanceFramePipeline] original=5120x1440 | after_crop=2472x1348 | final_ai=923x503 | source_crop=True | ai_resize=True
[2026-06-27 19:19:57] INFO     cv_attendance.cv_engine: [AttendanceFramePipeline] original=5120x1440 | after_crop=2472x1348 | final_ai=923x503 | source_crop=True | ai_resize=True
[2026-06-27 19:20:02] INFO     cv_attendance.cv_engine: [AttendanceFramePipeline] original=5120x1440 | after_crop=2472x1348 | final_ai=923x503 | source_crop=True | ai_resize=True
[2026-06-27 19:20:07] INFO     cv_attendance.cv_engine: [AttendanceFramePipeline] original=5120x1440 | after_crop=2472x1348 | final_ai=923x503 | source_crop=True | ai_resize=True
[2026-06-27 19:20:12] INFO     cv_attendance.cv_engine: [AttendanceFramePipeline] original=5120x1440 | after_crop=2472x1348 | final_ai=923x503 | source_crop=True | ai_resize=True
[2026-06-27 19:20:17] INFO     cv_attendance.cv_engine: [AttendanceFramePipeline] original=5120x1440 | after_crop=2472x1348 | final_ai=923x503 | source_crop=True | ai_resize=True
[2026-06-27 19:20:22] INFO     cv_attendance.cv_engine: [AttendanceFramePipeline] original=5120x1440 | after_crop=2472x1348 | final_ai=923x503 | source_crop=True | ai_resize=True
[2026-06-27 19:20:27] INFO     cv_attendance.cv_engine: [AttendanceFramePipeline] original=5120x1440 | after_crop=2472x1348 | final_ai=923x503 | source_crop=True | ai_resize=True
[2026-06-27 19:20:32] INFO     cv_attendance.cv_engine: [AttendanceFramePipeline] original=5120x1440 | after_crop=2472x1348 | final_ai=923x503 | source_crop=True | ai_resize=True
[2026-06-27 19:20:37] INFO     cv_attendance.cv_engine: [AttendanceFramePipeline] original=5120x1440 | after_crop=2472x1348 | final_ai=923x503 | source_crop=True | ai_resize=True
[2026-06-27 19:20:42] INFO     cv_attendance.cv_engine: [AttendanceFramePipeline] original=5120x1440 | after_crop=2472x1348 | final_ai=923x503 | source_crop=True | ai_resize=True
[2026-06-27 19:20:47] INFO     cv_attendance.cv_engine: [AttendanceFramePipeline] original=5120x1440 | after_crop=2472x1348 | final_ai=923x503 | source_crop=True | ai_resize=True
[2026-06-27 19:20:53] INFO     cv_attendance.cv_engine: [AttendanceFramePipeline] original=5120x1440 | after_crop=2472x1348 | final_ai=923x503 | source_crop=True | ai_resize=True
[2026-06-27 19:20:58] INFO     cv_attendance.cv_engine: [AttendanceFramePipeline] original=5120x1440 | after_crop=2472x1348 | final_ai=923x503 | source_crop=True | ai_resize=True
[2026-06-27 19:21:03] INFO     cv_attendance.cv_engine: [AttendanceFramePipeline] original=5120x1440 | after_crop=2472x1348 | final_ai=923x503 | source_crop=True | ai_resize=True
[2026-06-27 19:21:08] INFO     cv_attendance.cv_engine: [AttendanceFramePipeline] original=5120x1440 | after_crop=2472x1348 | final_ai=923x503 | source_crop=True | ai_resize=True
[2026-06-27 19:21:13] INFO     cv_attendance.cv_engine: [AttendanceFramePipeline] original=5120x1440 | after_crop=2472x1348 | final_ai=923x503 | source_crop=True | ai_resize=True
[2026-06-27 19:21:18] INFO     cv_attendance.cv_engine: [AttendanceFramePipeline] original=5120x1440 | after_crop=2472x1348 | final_ai=923x503 | source_crop=True | ai_resize=True
[2026-06-27 19:21:23] INFO     cv_attendance.cv_engine: [AttendanceFramePipeline] original=5120x1440 | after_crop=2472x1348 | final_ai=923x503 | source_crop=True | ai_resize=True
[2026-06-27 19:21:28] INFO     cv_attendance.cv_engine: [AttendanceFramePipeline] original=5120x1440 | after_crop=2472x1348 | final_ai=923x503 | source_crop=True | ai_resize=True
[2026-06-27 19:21:33] INFO     cv_attendance.cv_engine: [AttendanceFramePipeline] original=5120x1440 | after_crop=2472x1348 | final_ai=923x503 | source_crop=True | ai_resize=True
[2026-06-27 19:21:39] INFO     cv_attendance.cv_engine: [AttendanceFramePipeline] original=5120x1440 | after_crop=2472x1348 | final_ai=923x503 | source_crop=True | ai_resize=True
[2026-06-27 19:21:44] INFO     cv_attendance.cv_engine: [AttendanceFramePipeline] original=5120x1440 | after_crop=2472x1348 | final_ai=923x503 | source_crop=True | ai_resize=True
[2026-06-27 19:21:45] INFO     cv_attendance.cv_engine: [CameraThread] Selesai.
[2026-06-27 19:21:45] INFO     cv_attendance.cv_engine: [SessionManager] Menunggu DB writer: 1 item...
[2026-06-27 19:21:46] INFO     cv_attendance.cv_engine: [DBWriter] Selesai.
[2026-06-27 19:21:46] INFO     cv_attendance.cv_engine: [SessionManager] WorshipSession 23 ditutup
[2026-06-27 19:21:46] INFO     cv_attendance.cv_engine: [SessionManager] Sesi 'Ibadah Raya Sabat' dihentikan.
[2026-07-02 05:58:17] INFO     cv_attendance.vision.face_detector: Loading InsightFace model 'buffalo_l'...
[2026-07-02 05:58:46] INFO     cv_attendance.vision.face_detector: PyTorch CUDA check: torch=2.5.1+cu121, cuda=12.1, cuda_available=True, gpu=NVIDIA GeForce RTX 3050 6GB Laptop GPU
[2026-07-02 05:58:46] INFO     cv_attendance.vision.face_detector: PyTorch CUDA warm-up berhasil.
[2026-07-02 05:58:46] INFO     cv_attendance.vision.face_detector: ONNX Runtime preload_dlls tidak tersedia pada versi ini. Lanjut pakai PyTorch CUDA preload.
[2026-07-02 05:58:46] INFO     cv_attendance.vision.face_detector: ONNX Runtime available providers: ['TensorrtExecutionProvider', 'CUDAExecutionProvider', 'CPUExecutionProvider']
[2026-07-02 05:58:46] INFO     cv_attendance.vision.face_detector: InsightFace requested providers: [('CUDAExecutionProvider', {'device_id': 0, 'arena_extend_strategy': 'kNextPowerOfTwo', 'cudnn_conv_algo_search': 'EXHAUSTIVE', 'do_copy_in_default_stream': True}), 'CPUExecutionProvider']
[2026-07-02 05:58:49] INFO     cv_attendance.vision.face_detector: InsightFace real active providers: ['CPUExecutionProvider', 'CUDAExecutionProvider']
[2026-07-02 05:58:49] INFO     cv_attendance.vision.face_detector: InsightFace model benar-benar aktif dengan GPU CUDA. GPU_DEVICE_ID=0, det_size=(832, 544)
[2026-07-02 05:58:49] INFO     cv_attendance.vision.face_matcher: FaceMatcher: 85 embedding dimuat dengan matrix matching.
[2026-07-02 05:58:49] INFO     cv_attendance.cv_engine: [SessionManager] WorshipSession dibuat: id=24 | 'Ibadah Raya Sabat'
[2026-07-02 05:58:49] INFO     cv_attendance.cv_engine: [SessionManager] Pre-populated 12 attendance rows untuk session_id=24
[2026-07-02 05:58:54] INFO     cv_attendance.cv_engine: [CameraThread] Dimulai.
[2026-07-02 05:58:54] INFO     cv_attendance.cv_engine: [DBWriter] Dimulai.
[2026-07-02 05:58:54] INFO     cv_attendance.cv_engine: [SessionManager] Sesi 'Ibadah Raya Sabat' dimulai. session_id=24 | 85 embedding dimuat.
[2026-07-02 05:58:54] INFO     cv_attendance.cv_engine: [AttendanceFramePipeline] original=5120x1440 | after_crop=2124x1348 | final_ai=803x510 | source_crop=True | ai_resize=True
[2026-07-02 05:58:55] INFO     cv_attendance.cv_engine: [Perf] read=11.2ms | prep=19.9ms | detect=1324.7ms | recognition=0.0ms | faces=0 | tracks=0 | active_tracks=0 | known_seen=0 | db_q=0 | log_q=0
[2026-07-02 05:58:58] INFO     cv_attendance.cv_engine: [Perf] read=38.7ms | prep=61.6ms | detect=187.7ms | recognition=0.0ms | faces=0 | tracks=0 | active_tracks=0 | known_seen=0 | db_q=0 | log_q=0
[2026-07-02 05:58:59] INFO     cv_attendance.cv_engine: [AttendanceFramePipeline] original=5120x1440 | after_crop=2124x1348 | final_ai=803x510 | source_crop=True | ai_resize=True
[2026-07-02 05:59:01] INFO     cv_attendance.cv_engine: [Perf] read=42.0ms | prep=13.3ms | detect=68.3ms | recognition=0.0ms | faces=0 | tracks=0 | active_tracks=0 | known_seen=0 | db_q=0 | log_q=0
[2026-07-02 05:59:04] INFO     cv_attendance.cv_engine: [AttendanceFramePipeline] original=5120x1440 | after_crop=2124x1348 | final_ai=803x510 | source_crop=True | ai_resize=True
[2026-07-02 05:59:05] INFO     cv_attendance.cv_engine: [Perf] read=20.7ms | prep=12.5ms | detect=60.2ms | recognition=0.0ms | faces=0 | tracks=0 | active_tracks=0 | known_seen=0 | db_q=0 | log_q=0
[2026-07-02 05:59:08] INFO     cv_attendance.cv_engine: [Perf] read=9.8ms | prep=9.4ms | detect=53.5ms | recognition=0.0ms | faces=0 | tracks=0 | active_tracks=0 | known_seen=0 | db_q=0 | log_q=0
[2026-07-02 05:59:09] INFO     cv_attendance.cv_engine: [AttendanceFramePipeline] original=5120x1440 | after_crop=2124x1348 | final_ai=803x510 | source_crop=True | ai_resize=True
[2026-07-02 05:59:11] INFO     cv_attendance.cv_engine: [Perf] read=20.3ms | prep=13.2ms | detect=44.9ms | recognition=0.0ms | faces=0 | tracks=0 | active_tracks=0 | known_seen=0 | db_q=0 | log_q=0
[2026-07-02 05:59:14] INFO     cv_attendance.cv_engine: [Perf] read=20.6ms | prep=11.3ms | detect=67.4ms | recognition=0.0ms | faces=0 | tracks=0 | active_tracks=0 | known_seen=0 | db_q=0 | log_q=0
[2026-07-02 05:59:14] INFO     cv_attendance.cv_engine: [AttendanceFramePipeline] original=5120x1440 | after_crop=2124x1348 | final_ai=803x510 | source_crop=True | ai_resize=True
[2026-07-02 05:59:17] INFO     cv_attendance.cv_engine: [Perf] read=18.9ms | prep=10.2ms | detect=49.4ms | recognition=0.0ms | faces=0 | tracks=0 | active_tracks=0 | known_seen=0 | db_q=0 | log_q=0
[2026-07-02 05:59:19] INFO     cv_attendance.cv_engine: [AttendanceFramePipeline] original=5120x1440 | after_crop=2124x1348 | final_ai=803x510 | source_crop=True | ai_resize=True
[2026-07-02 05:59:20] INFO     cv_attendance.cv_engine: [Perf] read=25.6ms | prep=13.3ms | detect=51.0ms | recognition=0.0ms | faces=0 | tracks=0 | active_tracks=0 | known_seen=0 | db_q=0 | log_q=0
[2026-07-02 05:59:23] INFO     cv_attendance.cv_engine: [Perf] read=18.4ms | prep=12.9ms | detect=44.4ms | recognition=0.0ms | faces=0 | tracks=0 | active_tracks=0 | known_seen=0 | db_q=0 | log_q=0
[2026-07-02 05:59:24] INFO     cv_attendance.cv_engine: [AttendanceFramePipeline] original=5120x1440 | after_crop=2124x1348 | final_ai=803x510 | source_crop=True | ai_resize=True
[2026-07-02 05:59:26] INFO     cv_attendance.cv_engine: [Perf] read=30.4ms | prep=16.8ms | detect=64.4ms | recognition=0.0ms | faces=0 | tracks=0 | active_tracks=0 | known_seen=0 | db_q=0 | log_q=0
[2026-07-02 05:59:29] INFO     cv_attendance.cv_engine: [Perf] read=28.5ms | prep=15.2ms | detect=58.5ms | recognition=0.0ms | faces=0 | tracks=0 | active_tracks=0 | known_seen=0 | db_q=0 | log_q=0
[2026-07-02 05:59:29] INFO     cv_attendance.cv_engine: [AttendanceFramePipeline] original=5120x1440 | after_crop=2124x1348 | final_ai=803x510 | source_crop=True | ai_resize=True
[2026-07-02 05:59:32] INFO     cv_attendance.cv_engine: [Perf] read=15.9ms | prep=12.3ms | detect=47.1ms | recognition=0.0ms | faces=0 | tracks=0 | active_tracks=0 | known_seen=0 | db_q=0 | log_q=0
[2026-07-02 05:59:34] INFO     cv_attendance.cv_engine: [AttendanceFramePipeline] original=5120x1440 | after_crop=2124x1348 | final_ai=803x510 | source_crop=True | ai_resize=True
[2026-07-02 05:59:35] INFO     cv_attendance.cv_engine: [Perf] read=24.8ms | prep=15.5ms | detect=61.8ms | recognition=0.0ms | faces=0 | tracks=0 | active_tracks=0 | known_seen=0 | db_q=0 | log_q=0
[2026-07-02 05:59:38] INFO     cv_attendance.cv_engine: [Perf] read=12.7ms | prep=13.2ms | detect=52.8ms | recognition=0.0ms | faces=0 | tracks=0 | active_tracks=0 | known_seen=0 | db_q=0 | log_q=0
[2026-07-02 05:59:39] INFO     cv_attendance.cv_engine: [AttendanceFramePipeline] original=5120x1440 | after_crop=2124x1348 | final_ai=803x510 | source_crop=True | ai_resize=True
[2026-07-02 05:59:41] INFO     cv_attendance.cv_engine: [Perf] read=26.2ms | prep=20.5ms | detect=50.2ms | recognition=0.0ms | faces=0 | tracks=0 | active_tracks=0 | known_seen=0 | db_q=0 | log_q=0
[2026-07-02 06:00:01] INFO     cv_attendance.cv_engine: [Perf] read=23.7ms | prep=13.9ms | detect=47.6ms | recognition=19540.5ms | faces=1 | tracks=1 | active_tracks=1 | known_seen=0 | db_q=0 | log_q=0
[2026-07-02 06:00:01] INFO     cv_attendance.cv_engine: [AttendanceFramePipeline] original=5120x1440 | after_crop=2124x1348 | final_ai=803x510 | source_crop=True | ai_resize=True
[2026-07-02 06:00:04] INFO     cv_attendance.cv_engine: [Perf] read=29.8ms | prep=9.8ms | detect=58.6ms | recognition=0.0ms | faces=0 | tracks=0 | active_tracks=0 | known_seen=0 | db_q=0 | log_q=0
[2026-07-02 06:00:06] INFO     cv_attendance.cv_engine: [AttendanceFramePipeline] original=5120x1440 | after_crop=2124x1348 | final_ai=803x510 | source_crop=True | ai_resize=True
[2026-07-02 06:00:07] INFO     cv_attendance.cv_engine: [Perf] read=30.3ms | prep=10.7ms | detect=51.4ms | recognition=0.0ms | faces=0 | tracks=0 | active_tracks=0 | known_seen=0 | db_q=0 | log_q=0
[2026-07-02 06:00:10] INFO     cv_attendance.cv_engine: [Perf] read=27.5ms | prep=11.2ms | detect=55.8ms | recognition=0.0ms | faces=0 | tracks=0 | active_tracks=0 | known_seen=0 | db_q=0 | log_q=0
[2026-07-02 06:00:11] INFO     cv_attendance.cv_engine: [AttendanceFramePipeline] original=5120x1440 | after_crop=2124x1348 | final_ai=803x510 | source_crop=True | ai_resize=True
[2026-07-02 06:00:13] INFO     cv_attendance.cv_engine: [Perf] read=13.8ms | prep=11.0ms | detect=60.5ms | recognition=0.0ms | faces=0 | tracks=0 | active_tracks=0 | known_seen=0 | db_q=0 | log_q=0
[2026-07-02 06:00:16] INFO     cv_attendance.cv_engine: [Perf] read=25.5ms | prep=13.0ms | detect=53.8ms | recognition=0.0ms | faces=0 | tracks=0 | active_tracks=0 | known_seen=0 | db_q=0 | log_q=0
[2026-07-02 06:00:16] INFO     cv_attendance.cv_engine: [AttendanceFramePipeline] original=5120x1440 | after_crop=2124x1348 | final_ai=803x510 | source_crop=True | ai_resize=True
[2026-07-02 06:00:19] INFO     cv_attendance.cv_engine: [Perf] read=24.0ms | prep=23.2ms | detect=95.4ms | recognition=0.0ms | faces=0 | tracks=0 | active_tracks=0 | known_seen=0 | db_q=0 | log_q=0
[2026-07-02 06:00:21] INFO     cv_attendance.cv_engine: [AttendanceFramePipeline] original=5120x1440 | after_crop=2124x1348 | final_ai=803x510 | source_crop=True | ai_resize=True
[2026-07-02 06:00:22] INFO     cv_attendance.cv_engine: [Perf] read=31.1ms | prep=25.0ms | detect=115.3ms | recognition=0.0ms | faces=0 | tracks=0 | active_tracks=0 | known_seen=0 | db_q=0 | log_q=0
[2026-07-02 06:00:25] INFO     cv_attendance.cv_engine: [Perf] read=21.9ms | prep=19.7ms | detect=92.9ms | recognition=0.0ms | faces=0 | tracks=0 | active_tracks=0 | known_seen=0 | db_q=0 | log_q=0
[2026-07-02 06:00:26] INFO     cv_attendance.cv_engine: [AttendanceFramePipeline] original=5120x1440 | after_crop=2124x1348 | final_ai=803x510 | source_crop=True | ai_resize=True
[2026-07-02 06:00:29] INFO     cv_attendance.cv_engine: [Perf] read=38.1ms | prep=25.3ms | detect=98.3ms | recognition=0.0ms | faces=0 | tracks=0 | active_tracks=0 | known_seen=0 | db_q=0 | log_q=0
[2026-07-02 06:00:32] INFO     cv_attendance.cv_engine: [AttendanceFramePipeline] original=5120x1440 | after_crop=2124x1348 | final_ai=803x510 | source_crop=True | ai_resize=True
[2026-07-02 06:00:32] INFO     cv_attendance.cv_engine: [Perf] read=34.4ms | prep=27.8ms | detect=108.5ms | recognition=0.0ms | faces=0 | tracks=0 | active_tracks=0 | known_seen=0 | db_q=0 | log_q=0
[2026-07-02 06:00:34] INFO     cv_attendance.cv_engine: [CameraThread] Selesai.
[2026-07-02 06:00:35] INFO     cv_attendance.cv_engine: [DBWriter] Selesai.
[2026-07-02 06:00:35] INFO     cv_attendance.cv_engine: [SessionManager] WorshipSession 24 ditutup
[2026-07-02 06:00:35] INFO     cv_attendance.cv_engine: [SessionManager] Sesi 'Ibadah Raya Sabat' dihentikan.
[2026-07-02 19:43:21] INFO     cv_attendance.vision.face_detector: Loading InsightFace model 'buffalo_l'...
[2026-07-02 19:43:45] INFO     cv_attendance.vision.face_detector: PyTorch CUDA check: torch=2.5.1+cu121, cuda=12.1, cuda_available=True, gpu=NVIDIA GeForce RTX 3050 6GB Laptop GPU
[2026-07-02 19:43:45] INFO     cv_attendance.vision.face_detector: PyTorch CUDA warm-up berhasil.
[2026-07-02 19:43:45] INFO     cv_attendance.vision.face_detector: ONNX Runtime preload_dlls tidak tersedia pada versi ini. Lanjut pakai PyTorch CUDA preload.
[2026-07-02 19:43:45] INFO     cv_attendance.vision.face_detector: ONNX Runtime available providers: ['TensorrtExecutionProvider', 'CUDAExecutionProvider', 'CPUExecutionProvider']
[2026-07-02 19:43:45] INFO     cv_attendance.vision.face_detector: InsightFace requested providers: [('CUDAExecutionProvider', {'device_id': 0, 'arena_extend_strategy': 'kNextPowerOfTwo', 'cudnn_conv_algo_search': 'EXHAUSTIVE', 'do_copy_in_default_stream': True}), 'CPUExecutionProvider']
[2026-07-02 19:43:47] INFO     cv_attendance.vision.face_detector: InsightFace real active providers: ['CUDAExecutionProvider', 'CPUExecutionProvider']
[2026-07-02 19:43:47] INFO     cv_attendance.vision.face_detector: InsightFace model benar-benar aktif dengan GPU CUDA. GPU_DEVICE_ID=0, det_size=(416, 224)
[2026-07-02 19:43:47] INFO     cv_attendance.vision.face_matcher: FaceMatcher: 85 embedding dimuat dengan matrix matching.
[2026-07-02 19:43:47] INFO     cv_attendance.cv_engine: [SessionManager] WorshipSession dibuat: id=25 | 'Ibadah Raya Sabat'
[2026-07-02 19:43:47] INFO     cv_attendance.cv_engine: [SessionManager] Pre-populated 12 attendance rows untuk session_id=25
[2026-07-02 19:43:51] INFO     cv_attendance.cv_engine: [CameraThread] Dimulai.
[2026-07-02 19:43:51] INFO     cv_attendance.cv_engine: [AttendanceFramePipeline] original=960x272 | after_crop=392x206 | final_ai=392x206 | source_crop=True | ai_resize=False
[2026-07-02 19:43:51] INFO     cv_attendance.cv_engine: [DBWriter] Dimulai.
[2026-07-02 19:43:51] INFO     cv_attendance.cv_engine: [SessionManager] Sesi 'Ibadah Raya Sabat' dimulai. session_id=25 | 85 embedding dimuat.
[2026-07-02 19:43:53] INFO     cv_attendance.cv_engine: [Perf] read=0.6ms | prep=1.3ms | detect=1531.1ms | recognition=0.0ms | faces=0 | tracks=0 | active_tracks=0 | known_seen=0 | db_q=0 | log_q=0
[2026-07-02 19:43:56] INFO     cv_attendance.cv_engine: [Perf] read=0.1ms | prep=0.0ms | detect=8.4ms | recognition=0.0ms | faces=0 | tracks=0 | active_tracks=0 | known_seen=0 | db_q=0 | log_q=0
[2026-07-02 19:43:56] INFO     cv_attendance.cv_engine: [AttendanceFramePipeline] original=960x272 | after_crop=392x206 | final_ai=392x206 | source_crop=True | ai_resize=False
[2026-07-02 19:43:59] INFO     cv_attendance.cv_engine: [Perf] read=0.2ms | prep=0.0ms | detect=13.1ms | recognition=0.0ms | faces=0 | tracks=0 | active_tracks=0 | known_seen=0 | db_q=0 | log_q=0
[2026-07-02 19:44:01] INFO     cv_attendance.cv_engine: [AttendanceFramePipeline] original=960x272 | after_crop=392x206 | final_ai=392x206 | source_crop=True | ai_resize=False
[2026-07-02 19:44:02] INFO     cv_attendance.cv_engine: [Perf] read=0.3ms | prep=0.0ms | detect=56.9ms | recognition=0.0ms | faces=0 | tracks=0 | active_tracks=0 | known_seen=0 | db_q=0 | log_q=0
[2026-07-02 19:44:05] INFO     cv_attendance.cv_engine: [Perf] read=0.1ms | prep=0.0ms | detect=15.4ms | recognition=0.0ms | faces=0 | tracks=0 | active_tracks=0 | known_seen=0 | db_q=0 | log_q=0
[2026-07-02 19:44:06] INFO     cv_attendance.cv_engine: [AttendanceFramePipeline] original=960x272 | after_crop=392x206 | final_ai=392x206 | source_crop=True | ai_resize=False
[2026-07-02 19:44:08] INFO     cv_attendance.cv_engine: [Perf] read=0.2ms | prep=0.0ms | detect=18.6ms | recognition=0.0ms | faces=0 | tracks=0 | active_tracks=0 | known_seen=0 | db_q=0 | log_q=0
[2026-07-02 19:44:11] INFO     cv_attendance.cv_engine: [Perf] read=0.3ms | prep=0.0ms | detect=26.7ms | recognition=0.0ms | faces=0 | tracks=0 | active_tracks=0 | known_seen=0 | db_q=0 | log_q=0
[2026-07-02 19:44:11] INFO     cv_attendance.cv_engine: [AttendanceFramePipeline] original=960x272 | after_crop=392x206 | final_ai=392x206 | source_crop=True | ai_resize=False
[2026-07-02 19:44:14] INFO     cv_attendance.cv_engine: [Perf] read=0.4ms | prep=0.1ms | detect=35.8ms | recognition=0.0ms | faces=0 | tracks=0 | active_tracks=0 | known_seen=0 | db_q=0 | log_q=0
[2026-07-02 19:44:16] INFO     cv_attendance.cv_engine: [AttendanceFramePipeline] original=960x272 | after_crop=392x206 | final_ai=392x206 | source_crop=True | ai_resize=False
[2026-07-02 19:44:17] INFO     cv_attendance.cv_engine: [Perf] read=0.5ms | prep=0.0ms | detect=21.1ms | recognition=0.0ms | faces=0 | tracks=0 | active_tracks=0 | known_seen=0 | db_q=0 | log_q=0
[2026-07-02 19:44:20] INFO     cv_attendance.cv_engine: [Perf] read=0.6ms | prep=0.1ms | detect=42.2ms | recognition=0.0ms | faces=0 | tracks=0 | active_tracks=0 | known_seen=0 | db_q=0 | log_q=0
[2026-07-02 19:44:21] INFO     cv_attendance.cv_engine: [AttendanceFramePipeline] original=960x272 | after_crop=392x206 | final_ai=392x206 | source_crop=True | ai_resize=False
[2026-07-02 19:44:23] INFO     cv_attendance.cv_engine: [Perf] read=0.2ms | prep=0.0ms | detect=20.0ms | recognition=0.0ms | faces=0 | tracks=0 | active_tracks=0 | known_seen=0 | db_q=0 | log_q=0
[2026-07-02 19:44:26] INFO     cv_attendance.cv_engine: [Perf] read=0.2ms | prep=0.1ms | detect=19.9ms | recognition=0.0ms | faces=0 | tracks=0 | active_tracks=0 | known_seen=0 | db_q=0 | log_q=0
[2026-07-02 19:44:26] INFO     cv_attendance.cv_engine: [AttendanceFramePipeline] original=960x272 | after_crop=392x206 | final_ai=392x206 | source_crop=True | ai_resize=False
[2026-07-02 19:44:29] INFO     cv_attendance.cv_engine: [Perf] read=1.4ms | prep=0.1ms | detect=41.8ms | recognition=0.0ms | faces=0 | tracks=0 | active_tracks=0 | known_seen=0 | db_q=0 | log_q=0
[2026-07-02 19:44:31] INFO     cv_attendance.cv_engine: [AttendanceFramePipeline] original=960x272 | after_crop=392x206 | final_ai=392x206 | source_crop=True | ai_resize=False
[2026-07-02 19:44:32] INFO     cv_attendance.cv_engine: [Perf] read=0.7ms | prep=0.1ms | detect=22.9ms | recognition=0.0ms | faces=0 | tracks=0 | active_tracks=0 | known_seen=0 | db_q=0 | log_q=0
[2026-07-02 19:44:35] INFO     cv_attendance.cv_engine: [Perf] read=0.3ms | prep=0.0ms | detect=19.0ms | recognition=0.0ms | faces=0 | tracks=0 | active_tracks=0 | known_seen=0 | db_q=0 | log_q=0
[2026-07-02 19:44:36] INFO     cv_attendance.cv_engine: [AttendanceFramePipeline] original=960x272 | after_crop=392x206 | final_ai=392x206 | source_crop=True | ai_resize=False
[2026-07-02 19:44:38] INFO     cv_attendance.cv_engine: [Perf] read=0.3ms | prep=0.0ms | detect=25.2ms | recognition=0.0ms | faces=0 | tracks=0 | active_tracks=0 | known_seen=0 | db_q=0 | log_q=0
[2026-07-02 19:44:41] INFO     cv_attendance.cv_engine: [Perf] read=0.3ms | prep=0.0ms | detect=44.2ms | recognition=0.0ms | faces=0 | tracks=0 | active_tracks=0 | known_seen=0 | db_q=0 | log_q=0
[2026-07-02 19:44:42] INFO     cv_attendance.cv_engine: [AttendanceFramePipeline] original=960x272 | after_crop=392x206 | final_ai=392x206 | source_crop=True | ai_resize=False
[2026-07-02 19:44:44] INFO     cv_attendance.cv_engine: [Perf] read=0.3ms | prep=0.0ms | detect=49.0ms | recognition=0.0ms | faces=0 | tracks=0 | active_tracks=0 | known_seen=0 | db_q=0 | log_q=0
[2026-07-02 19:44:47] INFO     cv_attendance.cv_engine: [AttendanceFramePipeline] original=960x272 | after_crop=392x206 | final_ai=392x206 | source_crop=True | ai_resize=False
[2026-07-02 19:44:47] INFO     cv_attendance.cv_engine: [Perf] read=0.5ms | prep=0.1ms | detect=54.2ms | recognition=0.0ms | faces=0 | tracks=0 | active_tracks=0 | known_seen=0 | db_q=0 | log_q=0
[2026-07-02 19:44:50] INFO     cv_attendance.cv_engine: [Perf] read=0.3ms | prep=0.1ms | detect=21.5ms | recognition=0.0ms | faces=0 | tracks=0 | active_tracks=0 | known_seen=0 | db_q=0 | log_q=0
[2026-07-02 19:44:52] INFO     cv_attendance.cv_engine: [AttendanceFramePipeline] original=960x272 | after_crop=392x206 | final_ai=392x206 | source_crop=True | ai_resize=False
[2026-07-02 19:44:53] INFO     cv_attendance.cv_engine: [Perf] read=0.4ms | prep=0.2ms | detect=28.5ms | recognition=0.0ms | faces=0 | tracks=0 | active_tracks=0 | known_seen=0 | db_q=0 | log_q=0
[2026-07-02 19:44:56] INFO     cv_attendance.cv_engine: [Perf] read=0.2ms | prep=0.0ms | detect=30.3ms | recognition=0.0ms | faces=0 | tracks=0 | active_tracks=0 | known_seen=0 | db_q=0 | log_q=0
[2026-07-02 19:44:57] INFO     cv_attendance.cv_engine: [AttendanceFramePipeline] original=960x272 | after_crop=392x206 | final_ai=392x206 | source_crop=True | ai_resize=False
[2026-07-02 19:44:59] INFO     cv_attendance.cv_engine: [Perf] read=0.3ms | prep=0.0ms | detect=22.0ms | recognition=0.0ms | faces=0 | tracks=0 | active_tracks=0 | known_seen=0 | db_q=0 | log_q=0
[2026-07-02 19:45:02] INFO     cv_attendance.cv_engine: [AttendanceFramePipeline] original=960x272 | after_crop=392x206 | final_ai=392x206 | source_crop=True | ai_resize=False
[2026-07-02 19:45:02] INFO     cv_attendance.cv_engine: [Perf] read=0.3ms | prep=0.1ms | detect=23.9ms | recognition=0.0ms | faces=0 | tracks=0 | active_tracks=0 | known_seen=0 | db_q=0 | log_q=0
[2026-07-02 19:45:05] INFO     cv_attendance.cv_engine: [Perf] read=0.3ms | prep=0.1ms | detect=26.8ms | recognition=0.0ms | faces=0 | tracks=0 | active_tracks=0 | known_seen=0 | db_q=0 | log_q=0
[2026-07-02 19:45:07] INFO     cv_attendance.cv_engine: [AttendanceFramePipeline] original=960x272 | after_crop=392x206 | final_ai=392x206 | source_crop=True | ai_resize=False
[2026-07-02 19:45:08] INFO     cv_attendance.cv_engine: [Perf] read=0.4ms | prep=0.1ms | detect=38.5ms | recognition=0.0ms | faces=0 | tracks=0 | active_tracks=0 | known_seen=0 | db_q=0 | log_q=0
[2026-07-02 19:45:11] INFO     cv_attendance.cv_engine: [Perf] read=0.3ms | prep=0.0ms | detect=25.8ms | recognition=0.0ms | faces=0 | tracks=0 | active_tracks=0 | known_seen=0 | db_q=0 | log_q=0
[2026-07-02 19:45:12] INFO     cv_attendance.cv_engine: [AttendanceFramePipeline] original=960x272 | after_crop=392x206 | final_ai=392x206 | source_crop=True | ai_resize=False
[2026-07-02 19:45:14] INFO     cv_attendance.cv_engine: [Perf] read=0.5ms | prep=0.1ms | detect=21.1ms | recognition=0.0ms | faces=0 | tracks=0 | active_tracks=0 | known_seen=0 | db_q=0 | log_q=0
[2026-07-02 19:45:17] INFO     cv_attendance.cv_engine: [AttendanceFramePipeline] original=960x272 | after_crop=392x206 | final_ai=392x206 | source_crop=True | ai_resize=False
[2026-07-02 19:45:17] INFO     cv_attendance.cv_engine: [Perf] read=0.3ms | prep=0.0ms | detect=16.9ms | recognition=0.0ms | faces=0 | tracks=0 | active_tracks=0 | known_seen=0 | db_q=0 | log_q=0
[2026-07-02 19:45:20] INFO     cv_attendance.cv_engine: [Perf] read=0.3ms | prep=0.0ms | detect=28.8ms | recognition=0.0ms | faces=0 | tracks=0 | active_tracks=0 | known_seen=0 | db_q=0 | log_q=0
[2026-07-02 19:45:22] INFO     cv_attendance.cv_engine: [AttendanceFramePipeline] original=960x272 | after_crop=392x206 | final_ai=392x206 | source_crop=True | ai_resize=False
[2026-07-02 19:45:23] INFO     cv_attendance.cv_engine: [Perf] read=0.4ms | prep=0.0ms | detect=26.3ms | recognition=0.0ms | faces=0 | tracks=0 | active_tracks=0 | known_seen=0 | db_q=0 | log_q=0
[2026-07-02 19:45:26] INFO     cv_attendance.cv_engine: [Perf] read=0.5ms | prep=0.1ms | detect=26.6ms | recognition=0.0ms | faces=0 | tracks=0 | active_tracks=0 | known_seen=0 | db_q=0 | log_q=0
[2026-07-02 19:45:27] INFO     cv_attendance.cv_engine: [AttendanceFramePipeline] original=960x272 | after_crop=392x206 | final_ai=392x206 | source_crop=True | ai_resize=False
[2026-07-02 19:45:29] INFO     cv_attendance.cv_engine: [Perf] read=0.9ms | prep=0.0ms | detect=34.9ms | recognition=0.0ms | faces=0 | tracks=0 | active_tracks=0 | known_seen=0 | db_q=0 | log_q=0
[2026-07-02 19:45:32] INFO     cv_attendance.cv_engine: [AttendanceFramePipeline] original=960x272 | after_crop=392x206 | final_ai=392x206 | source_crop=True | ai_resize=False
[2026-07-02 19:45:32] INFO     cv_attendance.cv_engine: [Perf] read=1.2ms | prep=0.1ms | detect=28.4ms | recognition=0.0ms | faces=0 | tracks=0 | active_tracks=0 | known_seen=0 | db_q=0 | log_q=0
[2026-07-02 19:45:35] INFO     cv_attendance.cv_engine: [Perf] read=0.4ms | prep=0.1ms | detect=28.4ms | recognition=0.0ms | faces=0 | tracks=0 | active_tracks=0 | known_seen=0 | db_q=0 | log_q=0
[2026-07-02 19:45:37] INFO     cv_attendance.cv_engine: [AttendanceFramePipeline] original=960x272 | after_crop=392x206 | final_ai=392x206 | source_crop=True | ai_resize=False
[2026-07-02 19:45:38] INFO     cv_attendance.cv_engine: [Perf] read=0.4ms | prep=0.1ms | detect=24.7ms | recognition=0.0ms | faces=0 | tracks=0 | active_tracks=0 | known_seen=0 | db_q=0 | log_q=0
[2026-07-02 19:45:41] INFO     cv_attendance.cv_engine: [Perf] read=0.2ms | prep=0.0ms | detect=25.2ms | recognition=0.0ms | faces=0 | tracks=0 | active_tracks=0 | known_seen=0 | db_q=0 | log_q=0
[2026-07-02 19:45:42] INFO     cv_attendance.cv_engine: [AttendanceFramePipeline] original=960x272 | after_crop=392x206 | final_ai=392x206 | source_crop=True | ai_resize=False
[2026-07-02 19:45:44] INFO     cv_attendance.cv_engine: [Perf] read=0.7ms | prep=0.0ms | detect=30.9ms | recognition=0.0ms | faces=0 | tracks=0 | active_tracks=0 | known_seen=0 | db_q=0 | log_q=0
[2026-07-02 19:45:47] INFO     cv_attendance.cv_engine: [AttendanceFramePipeline] original=960x272 | after_crop=392x206 | final_ai=392x206 | source_crop=True | ai_resize=False
[2026-07-02 19:45:47] INFO     cv_attendance.cv_engine: [Perf] read=0.5ms | prep=0.1ms | detect=32.9ms | recognition=0.0ms | faces=0 | tracks=0 | active_tracks=0 | known_seen=0 | db_q=0 | log_q=0
[2026-07-02 19:45:50] INFO     cv_attendance.cv_engine: [Perf] read=0.3ms | prep=0.1ms | detect=35.6ms | recognition=0.0ms | faces=0 | tracks=0 | active_tracks=0 | known_seen=0 | db_q=0 | log_q=0
[2026-07-02 19:45:52] INFO     cv_attendance.cv_engine: [AttendanceFramePipeline] original=960x272 | after_crop=392x206 | final_ai=392x206 | source_crop=True | ai_resize=False
[2026-07-02 19:45:53] INFO     cv_attendance.cv_engine: [Perf] read=0.5ms | prep=0.0ms | detect=39.9ms | recognition=0.0ms | faces=0 | tracks=0 | active_tracks=0 | known_seen=0 | db_q=0 | log_q=0
[2026-07-02 19:45:56] INFO     cv_attendance.cv_engine: [Perf] read=0.3ms | prep=0.0ms | detect=19.1ms | recognition=0.0ms | faces=0 | tracks=0 | active_tracks=0 | known_seen=0 | db_q=0 | log_q=0
[2026-07-02 19:45:57] INFO     cv_attendance.cv_engine: [AttendanceFramePipeline] original=960x272 | after_crop=392x206 | final_ai=392x206 | source_crop=True | ai_resize=False
[2026-07-02 19:45:59] INFO     cv_attendance.cv_engine: [Perf] read=0.5ms | prep=0.1ms | detect=47.3ms | recognition=0.0ms | faces=0 | tracks=0 | active_tracks=0 | known_seen=0 | db_q=0 | log_q=0
[2026-07-02 19:46:02] INFO     cv_attendance.cv_engine: [AttendanceFramePipeline] original=960x272 | after_crop=392x206 | final_ai=392x206 | source_crop=True | ai_resize=False
[2026-07-02 19:46:03] INFO     cv_attendance.cv_engine: [Perf] read=0.4ms | prep=0.1ms | detect=97.0ms | recognition=0.0ms | faces=0 | tracks=0 | active_tracks=0 | known_seen=0 | db_q=0 | log_q=0
[2026-07-02 19:46:06] INFO     cv_attendance.cv_engine: [Perf] read=0.4ms | prep=0.0ms | detect=36.0ms | recognition=0.0ms | faces=0 | tracks=0 | active_tracks=0 | known_seen=0 | db_q=0 | log_q=0
[2026-07-02 19:46:07] INFO     cv_attendance.cv_engine: [AttendanceFramePipeline] original=960x272 | after_crop=392x206 | final_ai=392x206 | source_crop=True | ai_resize=False
[2026-07-02 19:46:09] INFO     cv_attendance.cv_engine: [Perf] read=0.2ms | prep=0.1ms | detect=24.7ms | recognition=0.0ms | faces=0 | tracks=0 | active_tracks=0 | known_seen=0 | db_q=0 | log_q=0
[2026-07-02 19:46:12] INFO     cv_attendance.cv_engine: [Perf] read=0.3ms | prep=0.0ms | detect=62.5ms | recognition=0.0ms | faces=0 | tracks=0 | active_tracks=0 | known_seen=0 | db_q=0 | log_q=0
[2026-07-02 19:46:12] INFO     cv_attendance.cv_engine: [AttendanceFramePipeline] original=960x272 | after_crop=392x206 | final_ai=392x206 | source_crop=True | ai_resize=False
[2026-07-02 19:46:15] INFO     cv_attendance.cv_engine: [Perf] read=0.4ms | prep=0.0ms | detect=51.4ms | recognition=0.0ms | faces=0 | tracks=0 | active_tracks=0 | known_seen=0 | db_q=0 | log_q=0
[2026-07-02 19:46:17] INFO     cv_attendance.cv_engine: [AttendanceFramePipeline] original=960x272 | after_crop=392x206 | final_ai=392x206 | source_crop=True | ai_resize=False
[2026-07-02 19:46:18] INFO     cv_attendance.cv_engine: [Perf] read=0.3ms | prep=0.0ms | detect=32.8ms | recognition=0.0ms | faces=0 | tracks=0 | active_tracks=0 | known_seen=0 | db_q=0 | log_q=0
[2026-07-02 19:46:21] INFO     cv_attendance.cv_engine: [Perf] read=0.3ms | prep=0.0ms | detect=31.3ms | recognition=0.0ms | faces=0 | tracks=0 | active_tracks=0 | known_seen=0 | db_q=0 | log_q=0
[2026-07-02 19:46:22] INFO     cv_attendance.cv_engine: [AttendanceFramePipeline] original=960x272 | after_crop=392x206 | final_ai=392x206 | source_crop=True | ai_resize=False
[2026-07-02 19:46:24] INFO     cv_attendance.cv_engine: [Perf] read=0.4ms | prep=0.0ms | detect=90.8ms | recognition=0.0ms | faces=0 | tracks=0 | active_tracks=0 | known_seen=0 | db_q=0 | log_q=0
[2026-07-02 19:46:27] INFO     cv_attendance.cv_engine: [Perf] read=0.6ms | prep=0.0ms | detect=65.9ms | recognition=0.0ms | faces=0 | tracks=0 | active_tracks=0 | known_seen=0 | db_q=0 | log_q=0
[2026-07-02 19:46:27] INFO     cv_attendance.cv_engine: [AttendanceFramePipeline] original=960x272 | after_crop=392x206 | final_ai=392x206 | source_crop=True | ai_resize=False
[2026-07-02 19:46:30] INFO     cv_attendance.cv_engine: [Perf] read=0.7ms | prep=0.2ms | detect=47.3ms | recognition=0.0ms | faces=0 | tracks=0 | active_tracks=0 | known_seen=0 | db_q=0 | log_q=0
[2026-07-02 19:46:32] INFO     cv_attendance.cv_engine: [AttendanceFramePipeline] original=960x272 | after_crop=392x206 | final_ai=392x206 | source_crop=True | ai_resize=False
[2026-07-02 19:46:33] INFO     cv_attendance.cv_engine: [Perf] read=0.4ms | prep=0.0ms | detect=43.1ms | recognition=0.0ms | faces=0 | tracks=0 | active_tracks=0 | known_seen=0 | db_q=0 | log_q=0
[2026-07-02 19:46:36] INFO     cv_attendance.cv_engine: [Perf] read=0.4ms | prep=0.0ms | detect=44.2ms | recognition=0.0ms | faces=0 | tracks=0 | active_tracks=0 | known_seen=0 | db_q=0 | log_q=0
[2026-07-02 19:46:37] INFO     cv_attendance.cv_engine: [AttendanceFramePipeline] original=960x272 | after_crop=392x206 | final_ai=392x206 | source_crop=True | ai_resize=False
[2026-07-02 19:46:39] INFO     cv_attendance.cv_engine: [Perf] read=0.3ms | prep=0.0ms | detect=77.7ms | recognition=0.0ms | faces=0 | tracks=0 | active_tracks=0 | known_seen=0 | db_q=0 | log_q=0
[2026-07-02 19:46:42] INFO     cv_attendance.cv_engine: [Perf] read=0.3ms | prep=0.0ms | detect=44.8ms | recognition=0.0ms | faces=0 | tracks=0 | active_tracks=0 | known_seen=0 | db_q=0 | log_q=0
[2026-07-02 19:46:42] INFO     cv_attendance.cv_engine: [AttendanceFramePipeline] original=960x272 | after_crop=392x206 | final_ai=392x206 | source_crop=True | ai_resize=False
[2026-07-02 19:46:45] INFO     cv_attendance.cv_engine: [Perf] read=0.5ms | prep=0.0ms | detect=52.5ms | recognition=0.0ms | faces=0 | tracks=0 | active_tracks=0 | known_seen=0 | db_q=0 | log_q=0
[2026-07-02 19:46:47] INFO     cv_attendance.cv_engine: [AttendanceFramePipeline] original=960x272 | after_crop=392x206 | final_ai=392x206 | source_crop=True | ai_resize=False
[2026-07-02 19:46:48] INFO     cv_attendance.cv_engine: [Perf] read=0.5ms | prep=0.0ms | detect=49.7ms | recognition=0.0ms | faces=0 | tracks=0 | active_tracks=0 | known_seen=0 | db_q=0 | log_q=0
[2026-07-02 19:46:51] INFO     cv_attendance.cv_engine: [Perf] read=0.3ms | prep=0.1ms | detect=53.7ms | recognition=0.0ms | faces=0 | tracks=0 | active_tracks=0 | known_seen=0 | db_q=0 | log_q=0
[2026-07-02 19:46:52] INFO     cv_attendance.cv_engine: [AttendanceFramePipeline] original=960x272 | after_crop=392x206 | final_ai=392x206 | source_crop=True | ai_resize=False
[2026-07-02 19:46:54] INFO     cv_attendance.cv_engine: [Perf] read=0.5ms | prep=0.0ms | detect=77.8ms | recognition=0.0ms | faces=0 | tracks=0 | active_tracks=0 | known_seen=0 | db_q=0 | log_q=0
[2026-07-02 19:46:57] INFO     cv_attendance.cv_engine: [Perf] read=0.3ms | prep=0.0ms | detect=49.0ms | recognition=0.0ms | faces=0 | tracks=0 | active_tracks=0 | known_seen=0 | db_q=0 | log_q=0
[2026-07-02 19:46:57] INFO     cv_attendance.cv_engine: [AttendanceFramePipeline] original=960x272 | after_crop=392x206 | final_ai=392x206 | source_crop=True | ai_resize=False
[2026-07-02 19:47:00] INFO     cv_attendance.cv_engine: [Perf] read=0.7ms | prep=0.1ms | detect=49.8ms | recognition=0.0ms | faces=0 | tracks=0 | active_tracks=0 | known_seen=0 | db_q=0 | log_q=0
[2026-07-02 19:47:02] INFO     cv_attendance.cv_engine: [AttendanceFramePipeline] original=960x272 | after_crop=392x206 | final_ai=392x206 | source_crop=True | ai_resize=False
[2026-07-02 19:47:03] INFO     cv_attendance.cv_engine: [Perf] read=0.5ms | prep=0.7ms | detect=66.8ms | recognition=0.0ms | faces=0 | tracks=0 | active_tracks=0 | known_seen=0 | db_q=0 | log_q=0
[2026-07-02 19:47:06] INFO     cv_attendance.cv_engine: [Perf] read=0.5ms | prep=0.0ms | detect=66.6ms | recognition=0.0ms | faces=0 | tracks=0 | active_tracks=0 | known_seen=0 | db_q=0 | log_q=0
[2026-07-02 19:47:07] INFO     cv_attendance.cv_engine: [AttendanceFramePipeline] original=960x272 | after_crop=392x206 | final_ai=392x206 | source_crop=True | ai_resize=False
[2026-07-02 19:47:09] INFO     cv_attendance.cv_engine: [Perf] read=0.3ms | prep=0.0ms | detect=42.1ms | recognition=0.0ms | faces=0 | tracks=0 | active_tracks=0 | known_seen=0 | db_q=0 | log_q=0
[2026-07-02 19:47:12] INFO     cv_attendance.cv_engine: [Perf] read=0.4ms | prep=0.0ms | detect=31.8ms | recognition=0.0ms | faces=0 | tracks=0 | active_tracks=0 | known_seen=0 | db_q=0 | log_q=0
[2026-07-02 19:47:12] INFO     cv_attendance.cv_engine: [AttendanceFramePipeline] original=960x272 | after_crop=392x206 | final_ai=392x206 | source_crop=True | ai_resize=False
[2026-07-02 19:47:15] INFO     cv_attendance.cv_engine: [Perf] read=0.4ms | prep=0.1ms | detect=124.7ms | recognition=0.0ms | faces=0 | tracks=0 | active_tracks=0 | known_seen=0 | db_q=0 | log_q=0
[2026-07-02 19:47:17] INFO     cv_attendance.cv_engine: [AttendanceFramePipeline] original=960x272 | after_crop=392x206 | final_ai=392x206 | source_crop=True | ai_resize=False
[2026-07-02 19:47:18] INFO     cv_attendance.cv_engine: [CameraThread] Selesai.
[2026-07-02 19:47:18] INFO     cv_attendance.cv_engine: [DBWriter] Selesai.
[2026-07-02 19:47:18] INFO     cv_attendance.cv_engine: [SessionManager] WorshipSession 25 ditutup
[2026-07-02 19:47:18] INFO     cv_attendance.cv_engine: [SessionManager] Sesi 'Ibadah Raya Sabat' dihentikan.
[2026-07-02 20:08:52] INFO     cv_attendance.vision.face_detector: Loading InsightFace model 'buffalo_l'...
[2026-07-02 20:09:25] INFO     cv_attendance.vision.face_detector: PyTorch CUDA check: torch=2.5.1+cu121, cuda=12.1, cuda_available=True, gpu=NVIDIA GeForce RTX 3050 6GB Laptop GPU
[2026-07-02 20:09:25] INFO     cv_attendance.vision.face_detector: PyTorch CUDA warm-up berhasil.
[2026-07-02 20:09:25] INFO     cv_attendance.vision.face_detector: ONNX Runtime preload_dlls tidak tersedia pada versi ini. Lanjut pakai PyTorch CUDA preload.
[2026-07-02 20:09:25] INFO     cv_attendance.vision.face_detector: ONNX Runtime available providers: ['TensorrtExecutionProvider', 'CUDAExecutionProvider', 'CPUExecutionProvider']
[2026-07-02 20:09:25] INFO     cv_attendance.vision.face_detector: InsightFace requested providers: [('CUDAExecutionProvider', {'device_id': 0, 'arena_extend_strategy': 'kNextPowerOfTwo', 'cudnn_conv_algo_search': 'EXHAUSTIVE', 'do_copy_in_default_stream': True}), 'CPUExecutionProvider']
[2026-07-02 20:09:27] INFO     cv_attendance.vision.face_detector: InsightFace real active providers: ['CPUExecutionProvider', 'CUDAExecutionProvider']
[2026-07-02 20:09:27] INFO     cv_attendance.vision.face_detector: InsightFace model benar-benar aktif dengan GPU CUDA. GPU_DEVICE_ID=0, det_size=(416, 224)
[2026-07-02 20:09:27] INFO     cv_attendance.vision.face_matcher: FaceMatcher: 85 embedding dimuat dengan matrix matching.
[2026-07-02 20:09:27] INFO     cv_attendance.cv_engine: [SessionManager] WorshipSession dibuat: id=26 | 'Ibadah Raya Sabat'
[2026-07-02 20:09:27] INFO     cv_attendance.cv_engine: [SessionManager] Pre-populated 12 attendance rows untuk session_id=26
[2026-07-02 20:09:30] INFO     cv_attendance.cv_engine: [CameraThread] Dimulai.
[2026-07-02 20:09:30] INFO     cv_attendance.cv_engine: [DBWriter] Dimulai.
[2026-07-02 20:09:30] INFO     cv_attendance.cv_engine: [SessionManager] Sesi 'Ibadah Raya Sabat' dimulai. session_id=26 | 85 embedding dimuat.
[2026-07-02 20:09:30] INFO     cv_attendance.cv_engine: [AttendanceFramePipeline] original=1920x536 | after_crop=392x206 | final_ai=392x206 | source_crop=True | ai_resize=False
[2026-07-02 20:09:30] INFO     cv_attendance.cv_engine: [Perf] read=0.7ms | prep=1.3ms | detect=385.8ms | recognition=0.0ms | faces=0 | tracks=0 | active_tracks=0 | known_seen=0 | db_q=0 | log_q=0
[2026-07-02 20:09:33] INFO     cv_attendance.cv_engine: [Perf] read=0.4ms | prep=0.0ms | detect=8.5ms | recognition=0.0ms | faces=0 | tracks=0 | active_tracks=0 | known_seen=0 | db_q=0 | log_q=0
[2026-07-02 20:10:52] INFO     cv_attendance.vision.face_detector: Loading InsightFace model 'buffalo_l'...
[2026-07-02 20:11:15] INFO     cv_attendance.vision.face_detector: PyTorch CUDA check: torch=2.5.1+cu121, cuda=12.1, cuda_available=True, gpu=NVIDIA GeForce RTX 3050 6GB Laptop GPU
[2026-07-02 20:11:16] INFO     cv_attendance.vision.face_detector: PyTorch CUDA warm-up berhasil.
[2026-07-02 20:11:16] INFO     cv_attendance.vision.face_detector: ONNX Runtime preload_dlls tidak tersedia pada versi ini. Lanjut pakai PyTorch CUDA preload.
[2026-07-02 20:11:16] INFO     cv_attendance.vision.face_detector: ONNX Runtime available providers: ['TensorrtExecutionProvider', 'CUDAExecutionProvider', 'CPUExecutionProvider']
[2026-07-02 20:11:16] INFO     cv_attendance.vision.face_detector: InsightFace requested providers: [('CUDAExecutionProvider', {'device_id': 0, 'arena_extend_strategy': 'kNextPowerOfTwo', 'cudnn_conv_algo_search': 'EXHAUSTIVE', 'do_copy_in_default_stream': True}), 'CPUExecutionProvider']
[2026-07-02 20:11:23] INFO     cv_attendance.vision.face_detector: InsightFace real active providers: ['CUDAExecutionProvider', 'CPUExecutionProvider']
[2026-07-02 20:11:23] INFO     cv_attendance.vision.face_detector: InsightFace model benar-benar aktif dengan GPU CUDA. GPU_DEVICE_ID=0, det_size=(832, 448)
[2026-07-02 20:11:23] INFO     cv_attendance.vision.face_matcher: FaceMatcher: 85 embedding dimuat dengan matrix matching.
[2026-07-02 20:11:23] INFO     cv_attendance.cv_engine: [SessionManager] WorshipSession dibuat: id=27 | 'Ibadah Raya Sabat'
[2026-07-02 20:11:24] INFO     cv_attendance.cv_engine: [SessionManager] Pre-populated 12 attendance rows untuk session_id=27
[2026-07-02 20:11:27] INFO     cv_attendance.cv_engine: [CameraThread] Dimulai.
[2026-07-02 20:11:27] INFO     cv_attendance.cv_engine: [DBWriter] Dimulai.
[2026-07-02 20:11:27] INFO     cv_attendance.cv_engine: [SessionManager] Sesi 'Ibadah Raya Sabat' dimulai. session_id=27 | 85 embedding dimuat.
[2026-07-02 20:11:27] INFO     cv_attendance.cv_engine: [AttendanceFramePipeline] original=1920x536 | after_crop=826x444 | final_ai=826x444 | source_crop=True | ai_resize=False
[2026-07-02 20:11:28] INFO     cv_attendance.cv_engine: [Perf] read=1.9ms | prep=16.7ms | detect=1014.9ms | recognition=0.0ms | faces=0 | tracks=0 | active_tracks=0 | known_seen=0 | db_q=0 | log_q=0
[2026-07-02 20:11:31] INFO     cv_attendance.cv_engine: [Perf] read=1.3ms | prep=0.0ms | detect=30.6ms | recognition=0.0ms | faces=0 | tracks=0 | active_tracks=0 | known_seen=0 | db_q=0 | log_q=0
[2026-07-02 20:11:32] INFO     cv_attendance.cv_engine: [AttendanceFramePipeline] original=1920x536 | after_crop=826x444 | final_ai=826x444 | source_crop=True | ai_resize=False
[2026-07-02 20:11:34] INFO     cv_attendance.cv_engine: [Perf] read=0.8ms | prep=0.0ms | detect=26.8ms | recognition=0.0ms | faces=0 | tracks=0 | active_tracks=0 | known_seen=0 | db_q=0 | log_q=0
[2026-07-02 20:11:37] INFO     cv_attendance.cv_engine: [AttendanceFramePipeline] original=1920x536 | after_crop=826x444 | final_ai=826x444 | source_crop=True | ai_resize=False
[2026-07-02 20:11:37] INFO     cv_attendance.cv_engine: [Perf] read=0.8ms | prep=0.0ms | detect=23.9ms | recognition=0.0ms | faces=0 | tracks=0 | active_tracks=0 | known_seen=0 | db_q=0 | log_q=0
[2026-07-02 20:11:40] INFO     cv_attendance.cv_engine: [Perf] read=0.6ms | prep=0.0ms | detect=22.0ms | recognition=0.0ms | faces=0 | tracks=0 | active_tracks=0 | known_seen=0 | db_q=0 | log_q=0
[2026-07-02 20:11:42] INFO     cv_attendance.cv_engine: [AttendanceFramePipeline] original=1920x536 | after_crop=826x444 | final_ai=826x444 | source_crop=True | ai_resize=False
[2026-07-02 20:11:43] INFO     cv_attendance.cv_engine: [Perf] read=1.0ms | prep=0.0ms | detect=25.6ms | recognition=0.0ms | faces=0 | tracks=0 | active_tracks=0 | known_seen=0 | db_q=0 | log_q=0
[2026-07-02 20:11:46] INFO     cv_attendance.cv_engine: [Perf] read=0.7ms | prep=0.0ms | detect=22.9ms | recognition=0.0ms | faces=0 | tracks=0 | active_tracks=0 | known_seen=0 | db_q=0 | log_q=0
[2026-07-02 20:11:47] INFO     cv_attendance.cv_engine: [AttendanceFramePipeline] original=1920x536 | after_crop=826x444 | final_ai=826x444 | source_crop=True | ai_resize=False
[2026-07-02 20:11:49] INFO     cv_attendance.cv_engine: [Perf] read=0.8ms | prep=0.0ms | detect=24.7ms | recognition=0.0ms | faces=0 | tracks=0 | active_tracks=0 | known_seen=0 | db_q=0 | log_q=0
[2026-07-02 20:11:52] INFO     cv_attendance.cv_engine: [AttendanceFramePipeline] original=1920x536 | after_crop=826x444 | final_ai=826x444 | source_crop=True | ai_resize=False
[2026-07-02 20:11:52] INFO     cv_attendance.cv_engine: [Perf] read=0.7ms | prep=0.0ms | detect=30.6ms | recognition=0.0ms | faces=0 | tracks=0 | active_tracks=0 | known_seen=0 | db_q=0 | log_q=0
[2026-07-02 20:11:55] INFO     cv_attendance.cv_engine: [Perf] read=0.5ms | prep=0.0ms | detect=27.1ms | recognition=0.0ms | faces=0 | tracks=0 | active_tracks=0 | known_seen=0 | db_q=0 | log_q=0
[2026-07-02 20:11:57] INFO     cv_attendance.cv_engine: [AttendanceFramePipeline] original=1920x536 | after_crop=826x444 | final_ai=826x444 | source_crop=True | ai_resize=False
[2026-07-02 20:11:58] INFO     cv_attendance.cv_engine: [Perf] read=0.8ms | prep=0.0ms | detect=91.6ms | recognition=0.0ms | faces=0 | tracks=0 | active_tracks=0 | known_seen=0 | db_q=0 | log_q=0
[2026-07-02 20:12:01] INFO     cv_attendance.cv_engine: [Perf] read=0.6ms | prep=0.0ms | detect=36.9ms | recognition=0.0ms | faces=0 | tracks=0 | active_tracks=0 | known_seen=0 | db_q=0 | log_q=0
[2026-07-02 20:12:02] INFO     cv_attendance.cv_engine: [AttendanceFramePipeline] original=1920x536 | after_crop=826x444 | final_ai=826x444 | source_crop=True | ai_resize=False
[2026-07-02 20:12:04] INFO     cv_attendance.cv_engine: [Perf] read=1.1ms | prep=0.0ms | detect=31.9ms | recognition=0.0ms | faces=0 | tracks=0 | active_tracks=0 | known_seen=0 | db_q=0 | log_q=0
[2026-07-02 20:12:07] INFO     cv_attendance.cv_engine: [AttendanceFramePipeline] original=1920x536 | after_crop=826x444 | final_ai=826x444 | source_crop=True | ai_resize=False
[2026-07-02 20:12:07] INFO     cv_attendance.cv_engine: [Perf] read=0.7ms | prep=0.0ms | detect=30.2ms | recognition=0.0ms | faces=0 | tracks=0 | active_tracks=0 | known_seen=0 | db_q=0 | log_q=0
[2026-07-02 20:12:10] INFO     cv_attendance.cv_engine: [Perf] read=2.0ms | prep=0.1ms | detect=46.0ms | recognition=0.0ms | faces=0 | tracks=0 | active_tracks=0 | known_seen=0 | db_q=0 | log_q=0
[2026-07-02 20:12:12] INFO     cv_attendance.cv_engine: [AttendanceFramePipeline] original=1920x536 | after_crop=826x444 | final_ai=826x444 | source_crop=True | ai_resize=False
[2026-07-02 20:12:13] INFO     cv_attendance.cv_engine: [Perf] read=1.0ms | prep=0.0ms | detect=38.6ms | recognition=0.0ms | faces=0 | tracks=0 | active_tracks=0 | known_seen=0 | db_q=0 | log_q=0
[2026-07-02 20:12:16] INFO     cv_attendance.cv_engine: [Perf] read=1.3ms | prep=0.0ms | detect=36.8ms | recognition=0.0ms | faces=0 | tracks=0 | active_tracks=0 | known_seen=0 | db_q=0 | log_q=0
[2026-07-02 20:12:17] INFO     cv_attendance.cv_engine: [AttendanceFramePipeline] original=1920x536 | after_crop=826x444 | final_ai=826x444 | source_crop=True | ai_resize=False
[2026-07-02 20:12:19] INFO     cv_attendance.cv_engine: [Perf] read=1.4ms | prep=0.0ms | detect=36.3ms | recognition=0.0ms | faces=0 | tracks=0 | active_tracks=0 | known_seen=0 | db_q=0 | log_q=0
[2026-07-02 20:12:22] INFO     cv_attendance.cv_engine: [AttendanceFramePipeline] original=1920x536 | after_crop=826x444 | final_ai=826x444 | source_crop=True | ai_resize=False
[2026-07-02 20:12:22] INFO     cv_attendance.cv_engine: [Perf] read=1.1ms | prep=0.0ms | detect=31.8ms | recognition=0.0ms | faces=0 | tracks=0 | active_tracks=0 | known_seen=0 | db_q=0 | log_q=0
[2026-07-02 20:12:25] INFO     cv_attendance.cv_engine: [Perf] read=0.6ms | prep=0.0ms | detect=38.7ms | recognition=0.0ms | faces=0 | tracks=0 | active_tracks=0 | known_seen=0 | db_q=0 | log_q=0
[2026-07-02 20:12:27] INFO     cv_attendance.cv_engine: [AttendanceFramePipeline] original=1920x536 | after_crop=826x444 | final_ai=826x444 | source_crop=True | ai_resize=False
[2026-07-02 20:12:29] INFO     cv_attendance.cv_engine: [Perf] read=0.7ms | prep=0.0ms | detect=32.0ms | recognition=0.0ms | faces=0 | tracks=0 | active_tracks=0 | known_seen=0 | db_q=0 | log_q=0
[2026-07-02 20:12:32] INFO     cv_attendance.cv_engine: [Perf] read=0.8ms | prep=0.0ms | detect=25.8ms | recognition=0.0ms | faces=0 | tracks=0 | active_tracks=0 | known_seen=0 | db_q=0 | log_q=0
[2026-07-02 20:12:32] INFO     cv_attendance.cv_engine: [AttendanceFramePipeline] original=1920x536 | after_crop=826x444 | final_ai=826x444 | source_crop=True | ai_resize=False
[2026-07-02 20:12:35] INFO     cv_attendance.cv_engine: [Perf] read=1.8ms | prep=0.0ms | detect=42.9ms | recognition=0.0ms | faces=0 | tracks=0 | active_tracks=0 | known_seen=0 | db_q=0 | log_q=0
[2026-07-02 20:12:37] INFO     cv_attendance.cv_engine: [AttendanceFramePipeline] original=1920x536 | after_crop=826x444 | final_ai=826x444 | source_crop=True | ai_resize=False
[2026-07-02 20:12:38] INFO     cv_attendance.cv_engine: [Perf] read=0.9ms | prep=0.0ms | detect=49.3ms | recognition=0.0ms | faces=0 | tracks=0 | active_tracks=0 | known_seen=0 | db_q=0 | log_q=0
[2026-07-02 20:12:41] INFO     cv_attendance.cv_engine: [Perf] read=1.3ms | prep=0.1ms | detect=32.4ms | recognition=0.0ms | faces=0 | tracks=0 | active_tracks=0 | known_seen=0 | db_q=0 | log_q=0
[2026-07-02 20:12:42] INFO     cv_attendance.cv_engine: [AttendanceFramePipeline] original=1920x536 | after_crop=826x444 | final_ai=826x444 | source_crop=True | ai_resize=False
[2026-07-02 20:12:44] INFO     cv_attendance.cv_engine: [Perf] read=0.6ms | prep=0.0ms | detect=35.5ms | recognition=0.0ms | faces=0 | tracks=0 | active_tracks=0 | known_seen=0 | db_q=0 | log_q=0
[2026-07-02 20:12:47] INFO     cv_attendance.cv_engine: [Perf] read=0.7ms | prep=0.0ms | detect=39.3ms | recognition=0.0ms | faces=0 | tracks=0 | active_tracks=0 | known_seen=0 | db_q=0 | log_q=0
[2026-07-02 20:12:47] INFO     cv_attendance.cv_engine: [AttendanceFramePipeline] original=1920x536 | after_crop=826x444 | final_ai=826x444 | source_crop=True | ai_resize=False
[2026-07-02 20:12:50] INFO     cv_attendance.cv_engine: [Perf] read=1.3ms | prep=0.1ms | detect=48.7ms | recognition=0.0ms | faces=0 | tracks=0 | active_tracks=0 | known_seen=0 | db_q=0 | log_q=0
[2026-07-02 20:12:52] INFO     cv_attendance.cv_engine: [AttendanceFramePipeline] original=1920x536 | after_crop=826x444 | final_ai=826x444 | source_crop=True | ai_resize=False
[2026-07-02 20:12:53] INFO     cv_attendance.cv_engine: [Perf] read=2.7ms | prep=0.1ms | detect=43.0ms | recognition=0.0ms | faces=0 | tracks=0 | active_tracks=0 | known_seen=0 | db_q=0 | log_q=0
[2026-07-02 20:12:56] INFO     cv_attendance.cv_engine: [Perf] read=0.8ms | prep=0.1ms | detect=24.2ms | recognition=0.0ms | faces=0 | tracks=0 | active_tracks=0 | known_seen=0 | db_q=0 | log_q=0
[2026-07-02 20:12:57] INFO     cv_attendance.cv_engine: [AttendanceFramePipeline] original=1920x536 | after_crop=826x444 | final_ai=826x444 | source_crop=True | ai_resize=False
[2026-07-02 20:12:59] INFO     cv_attendance.cv_engine: [Perf] read=0.9ms | prep=0.0ms | detect=44.6ms | recognition=0.0ms | faces=0 | tracks=0 | active_tracks=0 | known_seen=0 | db_q=0 | log_q=0
[2026-07-02 20:13:02] INFO     cv_attendance.cv_engine: [Perf] read=0.9ms | prep=0.0ms | detect=25.9ms | recognition=0.0ms | faces=0 | tracks=0 | active_tracks=0 | known_seen=0 | db_q=0 | log_q=0
[2026-07-02 20:13:02] INFO     cv_attendance.cv_engine: [AttendanceFramePipeline] original=1920x536 | after_crop=826x444 | final_ai=826x444 | source_crop=True | ai_resize=False
[2026-07-02 20:13:05] INFO     cv_attendance.cv_engine: [Perf] read=1.5ms | prep=0.1ms | detect=24.5ms | recognition=0.0ms | faces=0 | tracks=0 | active_tracks=0 | known_seen=0 | db_q=0 | log_q=0
[2026-07-02 20:13:07] INFO     cv_attendance.cv_engine: [AttendanceFramePipeline] original=1920x536 | after_crop=826x444 | final_ai=826x444 | source_crop=True | ai_resize=False
[2026-07-02 20:13:08] INFO     cv_attendance.cv_engine: [Perf] read=0.5ms | prep=0.0ms | detect=25.7ms | recognition=0.0ms | faces=0 | tracks=0 | active_tracks=0 | known_seen=0 | db_q=0 | log_q=0
[2026-07-02 20:13:11] INFO     cv_attendance.cv_engine: [Perf] read=0.6ms | prep=0.0ms | detect=43.5ms | recognition=0.0ms | faces=0 | tracks=0 | active_tracks=0 | known_seen=0 | db_q=0 | log_q=0
[2026-07-02 20:13:12] INFO     cv_attendance.cv_engine: [AttendanceFramePipeline] original=1920x536 | after_crop=826x444 | final_ai=826x444 | source_crop=True | ai_resize=False
[2026-07-02 20:13:14] INFO     cv_attendance.cv_engine: [Perf] read=0.5ms | prep=0.0ms | detect=33.0ms | recognition=0.0ms | faces=0 | tracks=0 | active_tracks=0 | known_seen=0 | db_q=0 | log_q=0
[2026-07-02 20:13:17] INFO     cv_attendance.cv_engine: [Perf] read=1.1ms | prep=0.1ms | detect=42.9ms | recognition=0.0ms | faces=0 | tracks=0 | active_tracks=0 | known_seen=0 | db_q=0 | log_q=0
[2026-07-02 20:13:17] INFO     cv_attendance.cv_engine: [AttendanceFramePipeline] original=1920x536 | after_crop=826x444 | final_ai=826x444 | source_crop=True | ai_resize=False
[2026-07-02 20:13:20] INFO     cv_attendance.cv_engine: [Perf] read=0.8ms | prep=0.0ms | detect=28.4ms | recognition=0.0ms | faces=0 | tracks=0 | active_tracks=0 | known_seen=0 | db_q=0 | log_q=0
[2026-07-02 20:13:22] INFO     cv_attendance.cv_engine: [AttendanceFramePipeline] original=1920x536 | after_crop=826x444 | final_ai=826x444 | source_crop=True | ai_resize=False
[2026-07-02 20:13:23] INFO     cv_attendance.cv_engine: [Perf] read=0.5ms | prep=0.0ms | detect=22.8ms | recognition=0.0ms | faces=0 | tracks=0 | active_tracks=0 | known_seen=0 | db_q=0 | log_q=0
[2026-07-02 20:13:26] INFO     cv_attendance.cv_engine: [Perf] read=0.8ms | prep=0.0ms | detect=46.6ms | recognition=0.0ms | faces=0 | tracks=0 | active_tracks=0 | known_seen=0 | db_q=0 | log_q=0
[2026-07-02 20:13:27] INFO     cv_attendance.cv_engine: [AttendanceFramePipeline] original=1920x536 | after_crop=826x444 | final_ai=826x444 | source_crop=True | ai_resize=False
[2026-07-02 20:13:29] INFO     cv_attendance.cv_engine: [Perf] read=1.4ms | prep=0.1ms | detect=50.7ms | recognition=0.0ms | faces=0 | tracks=0 | active_tracks=0 | known_seen=0 | db_q=0 | log_q=0
[2026-07-02 20:13:32] INFO     cv_attendance.cv_engine: [Perf] read=1.2ms | prep=0.0ms | detect=43.8ms | recognition=0.0ms | faces=0 | tracks=0 | active_tracks=0 | known_seen=0 | db_q=0 | log_q=0
[2026-07-02 20:13:32] INFO     cv_attendance.cv_engine: [AttendanceFramePipeline] original=1920x536 | after_crop=826x444 | final_ai=826x444 | source_crop=True | ai_resize=False
[2026-07-02 20:13:35] INFO     cv_attendance.cv_engine: [Perf] read=0.9ms | prep=0.1ms | detect=23.0ms | recognition=0.0ms | faces=0 | tracks=0 | active_tracks=0 | known_seen=0 | db_q=0 | log_q=0
[2026-07-02 20:13:37] INFO     cv_attendance.cv_engine: [AttendanceFramePipeline] original=1920x536 | after_crop=826x444 | final_ai=826x444 | source_crop=True | ai_resize=False
[2026-07-02 20:13:38] INFO     cv_attendance.cv_engine: [Perf] read=0.7ms | prep=0.0ms | detect=35.8ms | recognition=0.0ms | faces=0 | tracks=0 | active_tracks=0 | known_seen=0 | db_q=0 | log_q=0
[2026-07-02 20:13:41] INFO     cv_attendance.cv_engine: [Perf] read=1.0ms | prep=0.0ms | detect=43.8ms | recognition=0.0ms | faces=0 | tracks=0 | active_tracks=0 | known_seen=0 | db_q=0 | log_q=0
[2026-07-02 20:13:42] INFO     cv_attendance.cv_engine: [AttendanceFramePipeline] original=1920x536 | after_crop=826x444 | final_ai=826x444 | source_crop=True | ai_resize=False
[2026-07-02 20:13:44] INFO     cv_attendance.cv_engine: [Perf] read=1.2ms | prep=0.0ms | detect=31.2ms | recognition=0.0ms | faces=0 | tracks=0 | active_tracks=0 | known_seen=0 | db_q=0 | log_q=0
[2026-07-02 20:13:47] INFO     cv_attendance.cv_engine: [Perf] read=1.8ms | prep=0.1ms | detect=62.7ms | recognition=0.0ms | faces=0 | tracks=0 | active_tracks=0 | known_seen=0 | db_q=0 | log_q=0
[2026-07-02 20:13:47] INFO     cv_attendance.cv_engine: [AttendanceFramePipeline] original=1920x536 | after_crop=826x444 | final_ai=826x444 | source_crop=True | ai_resize=False
[2026-07-02 20:13:50] INFO     cv_attendance.cv_engine: [Perf] read=1.0ms | prep=0.0ms | detect=32.9ms | recognition=0.0ms | faces=0 | tracks=0 | active_tracks=0 | known_seen=0 | db_q=0 | log_q=0
[2026-07-02 20:13:52] INFO     cv_attendance.cv_engine: [AttendanceFramePipeline] original=1920x536 | after_crop=826x444 | final_ai=826x444 | source_crop=True | ai_resize=False
[2026-07-02 20:13:53] INFO     cv_attendance.cv_engine: [Perf] read=2.2ms | prep=0.1ms | detect=50.9ms | recognition=0.0ms | faces=0 | tracks=0 | active_tracks=0 | known_seen=0 | db_q=0 | log_q=0
[2026-07-02 20:13:56] INFO     cv_attendance.cv_engine: [Perf] read=1.4ms | prep=0.1ms | detect=30.8ms | recognition=0.0ms | faces=0 | tracks=0 | active_tracks=0 | known_seen=0 | db_q=0 | log_q=0
[2026-07-02 20:13:58] INFO     cv_attendance.cv_engine: [AttendanceFramePipeline] original=1920x536 | after_crop=826x444 | final_ai=826x444 | source_crop=True | ai_resize=False
[2026-07-02 20:13:59] INFO     cv_attendance.cv_engine: [Perf] read=1.0ms | prep=0.0ms | detect=59.8ms | recognition=0.0ms | faces=0 | tracks=0 | active_tracks=0 | known_seen=0 | db_q=0 | log_q=0
[2026-07-02 20:14:02] INFO     cv_attendance.cv_engine: [Perf] read=0.5ms | prep=0.0ms | detect=48.8ms | recognition=0.0ms | faces=0 | tracks=0 | active_tracks=0 | known_seen=0 | db_q=0 | log_q=0
[2026-07-02 20:14:03] INFO     cv_attendance.cv_engine: [AttendanceFramePipeline] original=1920x536 | after_crop=826x444 | final_ai=826x444 | source_crop=True | ai_resize=False
[2026-07-02 20:14:05] INFO     cv_attendance.cv_engine: [Perf] read=1.2ms | prep=0.0ms | detect=47.3ms | recognition=0.0ms | faces=0 | tracks=0 | active_tracks=0 | known_seen=0 | db_q=0 | log_q=0
[2026-07-02 20:14:08] INFO     cv_attendance.cv_engine: [AttendanceFramePipeline] original=1920x536 | after_crop=826x444 | final_ai=826x444 | source_crop=True | ai_resize=False
[2026-07-02 20:14:08] INFO     cv_attendance.cv_engine: [Perf] read=0.5ms | prep=0.0ms | detect=37.4ms | recognition=0.0ms | faces=0 | tracks=0 | active_tracks=0 | known_seen=0 | db_q=0 | log_q=0
[2026-07-02 20:14:11] INFO     cv_attendance.cv_engine: [Perf] read=0.9ms | prep=0.0ms | detect=41.6ms | recognition=0.0ms | faces=0 | tracks=0 | active_tracks=0 | known_seen=0 | db_q=0 | log_q=0
[2026-07-02 20:14:13] INFO     cv_attendance.cv_engine: [AttendanceFramePipeline] original=1920x536 | after_crop=826x444 | final_ai=826x444 | source_crop=True | ai_resize=False
[2026-07-02 20:14:14] INFO     cv_attendance.cv_engine: [Perf] read=0.8ms | prep=0.0ms | detect=31.0ms | recognition=0.0ms | faces=0 | tracks=0 | active_tracks=0 | known_seen=0 | db_q=0 | log_q=0
[2026-07-02 20:14:17] INFO     cv_attendance.cv_engine: [Perf] read=0.9ms | prep=0.1ms | detect=47.9ms | recognition=0.0ms | faces=0 | tracks=0 | active_tracks=0 | known_seen=0 | db_q=0 | log_q=0
[2026-07-02 20:14:18] INFO     cv_attendance.cv_engine: [AttendanceFramePipeline] original=1920x536 | after_crop=826x444 | final_ai=826x444 | source_crop=True | ai_resize=False
[2026-07-02 20:14:20] INFO     cv_attendance.cv_engine: [Perf] read=0.5ms | prep=0.0ms | detect=31.2ms | recognition=0.0ms | faces=0 | tracks=0 | active_tracks=0 | known_seen=0 | db_q=0 | log_q=0
[2026-07-02 20:14:23] INFO     cv_attendance.cv_engine: [AttendanceFramePipeline] original=1920x536 | after_crop=826x444 | final_ai=826x444 | source_crop=True | ai_resize=False
[2026-07-02 20:14:23] INFO     cv_attendance.cv_engine: [Perf] read=0.8ms | prep=0.0ms | detect=36.6ms | recognition=0.0ms | faces=0 | tracks=0 | active_tracks=0 | known_seen=0 | db_q=0 | log_q=0
[2026-07-02 20:14:26] INFO     cv_attendance.cv_engine: [Perf] read=2.1ms | prep=0.1ms | detect=37.6ms | recognition=0.0ms | faces=0 | tracks=0 | active_tracks=0 | known_seen=0 | db_q=0 | log_q=0
[2026-07-02 20:14:28] INFO     cv_attendance.cv_engine: [AttendanceFramePipeline] original=1920x536 | after_crop=826x444 | final_ai=826x444 | source_crop=True | ai_resize=False
[2026-07-02 20:14:29] INFO     cv_attendance.cv_engine: [Perf] read=1.3ms | prep=0.1ms | detect=28.0ms | recognition=0.0ms | faces=0 | tracks=0 | active_tracks=0 | known_seen=0 | db_q=0 | log_q=0
[2026-07-02 20:14:32] INFO     cv_attendance.cv_engine: [Perf] read=1.4ms | prep=0.0ms | detect=22.9ms | recognition=0.0ms | faces=0 | tracks=0 | active_tracks=0 | known_seen=0 | db_q=0 | log_q=0
[2026-07-02 20:14:33] INFO     cv_attendance.cv_engine: [AttendanceFramePipeline] original=1920x536 | after_crop=826x444 | final_ai=826x444 | source_crop=True | ai_resize=False
[2026-07-02 20:14:35] INFO     cv_attendance.cv_engine: [Perf] read=0.7ms | prep=0.0ms | detect=25.3ms | recognition=0.0ms | faces=0 | tracks=0 | active_tracks=0 | known_seen=0 | db_q=0 | log_q=0
[2026-07-02 20:14:38] INFO     cv_attendance.cv_engine: [AttendanceFramePipeline] original=1920x536 | after_crop=826x444 | final_ai=826x444 | source_crop=True | ai_resize=False
[2026-07-02 20:14:38] INFO     cv_attendance.cv_engine: [Perf] read=1.9ms | prep=0.1ms | detect=30.5ms | recognition=0.0ms | faces=0 | tracks=0 | active_tracks=0 | known_seen=0 | db_q=0 | log_q=0
[2026-07-02 20:14:41] INFO     cv_attendance.cv_engine: [Perf] read=0.7ms | prep=0.0ms | detect=29.8ms | recognition=0.0ms | faces=0 | tracks=0 | active_tracks=0 | known_seen=0 | db_q=0 | log_q=0
[2026-07-02 20:14:43] INFO     cv_attendance.cv_engine: [AttendanceFramePipeline] original=1920x536 | after_crop=826x444 | final_ai=826x444 | source_crop=True | ai_resize=False
[2026-07-02 20:14:44] INFO     cv_attendance.cv_engine: [Perf] read=0.6ms | prep=0.0ms | detect=30.1ms | recognition=0.0ms | faces=0 | tracks=0 | active_tracks=0 | known_seen=0 | db_q=0 | log_q=0
[2026-07-02 20:14:47] INFO     cv_attendance.cv_engine: [Perf] read=1.7ms | prep=0.0ms | detect=26.8ms | recognition=0.0ms | faces=0 | tracks=0 | active_tracks=0 | known_seen=0 | db_q=0 | log_q=0
[2026-07-02 20:14:48] INFO     cv_attendance.cv_engine: [AttendanceFramePipeline] original=1920x536 | after_crop=826x444 | final_ai=826x444 | source_crop=True | ai_resize=False
[2026-07-02 20:14:50] INFO     cv_attendance.cv_engine: [Perf] read=0.5ms | prep=0.0ms | detect=23.9ms | recognition=0.0ms | faces=0 | tracks=0 | active_tracks=0 | known_seen=0 | db_q=0 | log_q=0
[2026-07-02 20:14:53] INFO     cv_attendance.cv_engine: [AttendanceFramePipeline] original=1920x536 | after_crop=826x444 | final_ai=826x444 | source_crop=True | ai_resize=False
[2026-07-02 20:14:53] INFO     cv_attendance.cv_engine: [Perf] read=0.7ms | prep=0.0ms | detect=22.6ms | recognition=0.0ms | faces=0 | tracks=0 | active_tracks=0 | known_seen=0 | db_q=0 | log_q=0
[2026-07-02 20:14:56] INFO     cv_attendance.cv_engine: [Perf] read=0.9ms | prep=0.1ms | detect=21.7ms | recognition=0.0ms | faces=0 | tracks=0 | active_tracks=0 | known_seen=0 | db_q=0 | log_q=0
[2026-07-02 20:14:58] INFO     cv_attendance.cv_engine: [AttendanceFramePipeline] original=1920x536 | after_crop=826x444 | final_ai=826x444 | source_crop=True | ai_resize=False
[2026-07-02 20:14:59] INFO     cv_attendance.cv_engine: [Perf] read=0.6ms | prep=0.0ms | detect=26.5ms | recognition=0.0ms | faces=0 | tracks=0 | active_tracks=0 | known_seen=0 | db_q=0 | log_q=0
[2026-07-02 20:15:02] INFO     cv_attendance.cv_engine: [Perf] read=1.0ms | prep=0.1ms | detect=26.4ms | recognition=0.0ms | faces=0 | tracks=0 | active_tracks=0 | known_seen=0 | db_q=0 | log_q=0
[2026-07-02 20:15:03] INFO     cv_attendance.cv_engine: [AttendanceFramePipeline] original=1920x536 | after_crop=826x444 | final_ai=826x444 | source_crop=True | ai_resize=False
[2026-07-02 20:15:05] INFO     cv_attendance.cv_engine: [Perf] read=0.6ms | prep=0.0ms | detect=24.2ms | recognition=0.0ms | faces=0 | tracks=0 | active_tracks=0 | known_seen=0 | db_q=0 | log_q=0
[2026-07-02 20:15:08] INFO     cv_attendance.cv_engine: [AttendanceFramePipeline] original=1920x536 | after_crop=826x444 | final_ai=826x444 | source_crop=True | ai_resize=False
[2026-07-02 20:15:08] INFO     cv_attendance.cv_engine: [Perf] read=0.6ms | prep=0.0ms | detect=25.1ms | recognition=0.0ms | faces=0 | tracks=0 | active_tracks=0 | known_seen=0 | db_q=0 | log_q=0
[2026-07-02 20:15:11] INFO     cv_attendance.cv_engine: [Perf] read=0.7ms | prep=0.0ms | detect=24.5ms | recognition=0.0ms | faces=0 | tracks=0 | active_tracks=0 | known_seen=0 | db_q=0 | log_q=0
[2026-07-02 20:15:13] INFO     cv_attendance.cv_engine: [AttendanceFramePipeline] original=1920x536 | after_crop=826x444 | final_ai=826x444 | source_crop=True | ai_resize=False
[2026-07-02 20:15:15] INFO     cv_attendance.cv_engine: [Perf] read=0.5ms | prep=0.0ms | detect=27.0ms | recognition=0.0ms | faces=0 | tracks=0 | active_tracks=0 | known_seen=0 | db_q=0 | log_q=0
[2026-07-02 20:15:18] INFO     cv_attendance.cv_engine: [Perf] read=0.4ms | prep=0.0ms | detect=21.6ms | recognition=0.0ms | faces=0 | tracks=0 | active_tracks=0 | known_seen=0 | db_q=0 | log_q=0
[2026-07-02 20:15:18] INFO     cv_attendance.cv_engine: [AttendanceFramePipeline] original=1920x536 | after_crop=826x444 | final_ai=826x444 | source_crop=True | ai_resize=False
[2026-07-02 20:15:21] INFO     cv_attendance.cv_engine: [Perf] read=0.6ms | prep=0.0ms | detect=29.4ms | recognition=0.0ms | faces=0 | tracks=0 | active_tracks=0 | known_seen=0 | db_q=0 | log_q=0
[2026-07-02 20:15:23] INFO     cv_attendance.cv_engine: [AttendanceFramePipeline] original=1920x536 | after_crop=826x444 | final_ai=826x444 | source_crop=True | ai_resize=False
[2026-07-02 20:15:24] INFO     cv_attendance.cv_engine: [Perf] read=0.6ms | prep=0.0ms | detect=20.4ms | recognition=0.0ms | faces=0 | tracks=0 | active_tracks=0 | known_seen=0 | db_q=0 | log_q=0
[2026-07-02 20:15:27] INFO     cv_attendance.cv_engine: [Perf] read=0.6ms | prep=0.0ms | detect=29.8ms | recognition=0.0ms | faces=0 | tracks=0 | active_tracks=0 | known_seen=0 | db_q=0 | log_q=0
[2026-07-02 20:15:28] INFO     cv_attendance.cv_engine: [AttendanceFramePipeline] original=1920x536 | after_crop=826x444 | final_ai=826x444 | source_crop=True | ai_resize=False
[2026-07-02 20:15:30] INFO     cv_attendance.cv_engine: [Perf] read=0.7ms | prep=0.0ms | detect=28.1ms | recognition=0.0ms | faces=0 | tracks=0 | active_tracks=0 | known_seen=0 | db_q=0 | log_q=0
[2026-07-02 20:15:33] INFO     cv_attendance.cv_engine: [Perf] read=0.6ms | prep=0.0ms | detect=30.4ms | recognition=0.0ms | faces=0 | tracks=0 | active_tracks=0 | known_seen=0 | db_q=0 | log_q=0
[2026-07-02 20:15:33] INFO     cv_attendance.cv_engine: [AttendanceFramePipeline] original=1920x536 | after_crop=826x444 | final_ai=826x444 | source_crop=True | ai_resize=False
[2026-07-02 20:15:36] INFO     cv_attendance.cv_engine: [Perf] read=0.5ms | prep=0.0ms | detect=38.4ms | recognition=0.0ms | faces=0 | tracks=0 | active_tracks=0 | known_seen=0 | db_q=0 | log_q=0
[2026-07-02 20:15:38] INFO     cv_attendance.cv_engine: [AttendanceFramePipeline] original=1920x536 | after_crop=826x444 | final_ai=826x444 | source_crop=True | ai_resize=False
[2026-07-02 20:15:39] INFO     cv_attendance.cv_engine: [Perf] read=0.6ms | prep=0.0ms | detect=25.9ms | recognition=0.0ms | faces=0 | tracks=0 | active_tracks=0 | known_seen=0 | db_q=0 | log_q=0
[2026-07-02 20:15:42] INFO     cv_attendance.cv_engine: [Perf] read=0.5ms | prep=0.0ms | detect=25.3ms | recognition=0.0ms | faces=0 | tracks=0 | active_tracks=0 | known_seen=0 | db_q=0 | log_q=0
[2026-07-02 20:15:43] INFO     cv_attendance.cv_engine: [AttendanceFramePipeline] original=1920x536 | after_crop=826x444 | final_ai=826x444 | source_crop=True | ai_resize=False
[2026-07-02 20:15:45] INFO     cv_attendance.cv_engine: [Perf] read=1.2ms | prep=0.1ms | detect=28.2ms | recognition=0.0ms | faces=0 | tracks=0 | active_tracks=0 | known_seen=0 | db_q=0 | log_q=0
[2026-07-02 20:15:48] INFO     cv_attendance.cv_engine: [Perf] read=1.3ms | prep=0.0ms | detect=30.1ms | recognition=0.0ms | faces=0 | tracks=0 | active_tracks=0 | known_seen=0 | db_q=0 | log_q=0
[2026-07-02 20:15:48] INFO     cv_attendance.cv_engine: [AttendanceFramePipeline] original=1920x536 | after_crop=826x444 | final_ai=826x444 | source_crop=True | ai_resize=False
[2026-07-02 20:15:51] INFO     cv_attendance.cv_engine: [Perf] read=1.0ms | prep=0.1ms | detect=25.5ms | recognition=0.0ms | faces=0 | tracks=0 | active_tracks=0 | known_seen=0 | db_q=0 | log_q=0
[2026-07-02 20:15:53] INFO     cv_attendance.cv_engine: [AttendanceFramePipeline] original=1920x536 | after_crop=826x444 | final_ai=826x444 | source_crop=True | ai_resize=False
[2026-07-02 20:15:54] INFO     cv_attendance.cv_engine: [Perf] read=0.8ms | prep=0.1ms | detect=40.1ms | recognition=0.0ms | faces=0 | tracks=0 | active_tracks=0 | known_seen=0 | db_q=0 | log_q=0
[2026-07-02 20:15:57] INFO     cv_attendance.cv_engine: [Perf] read=0.9ms | prep=0.1ms | detect=39.6ms | recognition=0.0ms | faces=0 | tracks=0 | active_tracks=0 | known_seen=0 | db_q=0 | log_q=0
[2026-07-02 20:15:58] INFO     cv_attendance.cv_engine: [AttendanceFramePipeline] original=1920x536 | after_crop=826x444 | final_ai=826x444 | source_crop=True | ai_resize=False
[2026-07-02 20:16:00] INFO     cv_attendance.cv_engine: [Perf] read=1.1ms | prep=0.0ms | detect=33.1ms | recognition=0.0ms | faces=0 | tracks=0 | active_tracks=0 | known_seen=0 | db_q=0 | log_q=0
[2026-07-02 20:16:03] INFO     cv_attendance.cv_engine: [Perf] read=0.7ms | prep=0.0ms | detect=29.2ms | recognition=0.0ms | faces=0 | tracks=0 | active_tracks=0 | known_seen=0 | db_q=0 | log_q=0
[2026-07-02 20:16:03] INFO     cv_attendance.cv_engine: [AttendanceFramePipeline] original=1920x536 | after_crop=826x444 | final_ai=826x444 | source_crop=True | ai_resize=False
[2026-07-02 20:16:06] INFO     cv_attendance.cv_engine: [Perf] read=0.6ms | prep=0.0ms | detect=27.4ms | recognition=0.0ms | faces=0 | tracks=0 | active_tracks=0 | known_seen=0 | db_q=0 | log_q=0
[2026-07-02 20:16:08] INFO     cv_attendance.cv_engine: [AttendanceFramePipeline] original=1920x536 | after_crop=826x444 | final_ai=826x444 | source_crop=True | ai_resize=False
[2026-07-02 20:16:09] INFO     cv_attendance.cv_engine: [Perf] read=1.2ms | prep=0.0ms | detect=29.1ms | recognition=0.0ms | faces=0 | tracks=0 | active_tracks=0 | known_seen=0 | db_q=0 | log_q=0
[2026-07-02 20:16:12] INFO     cv_attendance.cv_engine: [Perf] read=0.6ms | prep=0.0ms | detect=30.4ms | recognition=0.0ms | faces=0 | tracks=0 | active_tracks=0 | known_seen=0 | db_q=0 | log_q=0
[2026-07-02 20:16:13] INFO     cv_attendance.cv_engine: [AttendanceFramePipeline] original=1920x536 | after_crop=826x444 | final_ai=826x444 | source_crop=True | ai_resize=False
[2026-07-02 20:16:15] INFO     cv_attendance.cv_engine: [Perf] read=1.5ms | prep=0.1ms | detect=33.1ms | recognition=0.0ms | faces=0 | tracks=0 | active_tracks=0 | known_seen=0 | db_q=0 | log_q=0
[2026-07-02 20:16:18] INFO     cv_attendance.cv_engine: [Perf] read=0.4ms | prep=0.0ms | detect=26.4ms | recognition=0.0ms | faces=0 | tracks=0 | active_tracks=0 | known_seen=0 | db_q=0 | log_q=0
[2026-07-02 20:16:18] INFO     cv_attendance.cv_engine: [AttendanceFramePipeline] original=1920x536 | after_crop=826x444 | final_ai=826x444 | source_crop=True | ai_resize=False
[2026-07-02 20:16:21] INFO     cv_attendance.cv_engine: [Perf] read=1.5ms | prep=0.0ms | detect=25.4ms | recognition=0.0ms | faces=0 | tracks=0 | active_tracks=0 | known_seen=0 | db_q=0 | log_q=0
[2026-07-02 20:16:23] INFO     cv_attendance.cv_engine: [AttendanceFramePipeline] original=1920x536 | after_crop=826x444 | final_ai=826x444 | source_crop=True | ai_resize=False
[2026-07-02 20:16:24] INFO     cv_attendance.cv_engine: [Perf] read=0.6ms | prep=0.0ms | detect=31.2ms | recognition=0.0ms | faces=0 | tracks=0 | active_tracks=0 | known_seen=0 | db_q=0 | log_q=0
[2026-07-02 20:16:27] INFO     cv_attendance.cv_engine: [Perf] read=0.5ms | prep=0.0ms | detect=31.2ms | recognition=0.0ms | faces=0 | tracks=0 | active_tracks=0 | known_seen=0 | db_q=0 | log_q=0
[2026-07-02 20:16:28] INFO     cv_attendance.cv_engine: [AttendanceFramePipeline] original=1920x536 | after_crop=826x444 | final_ai=826x444 | source_crop=True | ai_resize=False
[2026-07-02 20:16:30] INFO     cv_attendance.cv_engine: [Perf] read=0.6ms | prep=0.0ms | detect=23.6ms | recognition=0.0ms | faces=0 | tracks=0 | active_tracks=0 | known_seen=0 | db_q=0 | log_q=0
[2026-07-02 20:16:33] INFO     cv_attendance.cv_engine: [Perf] read=0.9ms | prep=0.0ms | detect=24.6ms | recognition=0.0ms | faces=0 | tracks=0 | active_tracks=0 | known_seen=0 | db_q=0 | log_q=0
[2026-07-02 20:16:33] INFO     cv_attendance.cv_engine: [AttendanceFramePipeline] original=1920x536 | after_crop=826x444 | final_ai=826x444 | source_crop=True | ai_resize=False
[2026-07-02 20:16:36] INFO     cv_attendance.cv_engine: [Perf] read=0.5ms | prep=0.0ms | detect=26.4ms | recognition=0.0ms | faces=0 | tracks=0 | active_tracks=0 | known_seen=0 | db_q=0 | log_q=0
[2026-07-02 20:16:38] INFO     cv_attendance.cv_engine: [AttendanceFramePipeline] original=1920x536 | after_crop=826x444 | final_ai=826x444 | source_crop=True | ai_resize=False
[2026-07-02 20:16:39] INFO     cv_attendance.cv_engine: [Perf] read=1.2ms | prep=0.0ms | detect=21.8ms | recognition=0.0ms | faces=0 | tracks=0 | active_tracks=0 | known_seen=0 | db_q=0 | log_q=0
[2026-07-02 20:16:42] INFO     cv_attendance.cv_engine: [Perf] read=0.5ms | prep=0.0ms | detect=30.0ms | recognition=0.0ms | faces=0 | tracks=0 | active_tracks=0 | known_seen=0 | db_q=0 | log_q=0
[2026-07-02 20:16:43] INFO     cv_attendance.cv_engine: [AttendanceFramePipeline] original=1920x536 | after_crop=826x444 | final_ai=826x444 | source_crop=True | ai_resize=False
[2026-07-02 20:16:45] INFO     cv_attendance.cv_engine: [Perf] read=0.4ms | prep=0.0ms | detect=22.3ms | recognition=0.0ms | faces=0 | tracks=0 | active_tracks=0 | known_seen=0 | db_q=0 | log_q=0
[2026-07-02 20:16:48] INFO     cv_attendance.cv_engine: [Perf] read=2.6ms | prep=0.1ms | detect=24.9ms | recognition=0.0ms | faces=0 | tracks=0 | active_tracks=0 | known_seen=0 | db_q=0 | log_q=0
[2026-07-02 20:16:48] INFO     cv_attendance.cv_engine: [AttendanceFramePipeline] original=1920x536 | after_crop=826x444 | final_ai=826x444 | source_crop=True | ai_resize=False
[2026-07-02 20:16:51] INFO     cv_attendance.cv_engine: [Perf] read=0.9ms | prep=0.0ms | detect=28.2ms | recognition=0.0ms | faces=0 | tracks=0 | active_tracks=0 | known_seen=0 | db_q=0 | log_q=0
[2026-07-02 20:16:53] INFO     cv_attendance.cv_engine: [AttendanceFramePipeline] original=1920x536 | after_crop=826x444 | final_ai=826x444 | source_crop=True | ai_resize=False
[2026-07-02 20:16:54] INFO     cv_attendance.cv_engine: [Perf] read=0.8ms | prep=0.0ms | detect=33.6ms | recognition=0.0ms | faces=0 | tracks=0 | active_tracks=0 | known_seen=0 | db_q=0 | log_q=0
[2026-07-02 20:16:57] INFO     cv_attendance.cv_engine: [Perf] read=0.5ms | prep=0.0ms | detect=34.1ms | recognition=0.0ms | faces=0 | tracks=0 | active_tracks=0 | known_seen=0 | db_q=0 | log_q=0
[2026-07-02 20:16:58] INFO     cv_attendance.cv_engine: [AttendanceFramePipeline] original=1920x536 | after_crop=826x444 | final_ai=826x444 | source_crop=True | ai_resize=False
[2026-07-02 20:17:00] INFO     cv_attendance.cv_engine: [Perf] read=0.7ms | prep=0.0ms | detect=29.5ms | recognition=0.0ms | faces=0 | tracks=0 | active_tracks=0 | known_seen=0 | db_q=0 | log_q=0
[2026-07-02 20:17:03] INFO     cv_attendance.cv_engine: [Perf] read=0.7ms | prep=0.0ms | detect=34.0ms | recognition=0.0ms | faces=0 | tracks=0 | active_tracks=0 | known_seen=0 | db_q=0 | log_q=0
[2026-07-02 20:17:03] INFO     cv_attendance.cv_engine: [AttendanceFramePipeline] original=1920x536 | after_crop=826x444 | final_ai=826x444 | source_crop=True | ai_resize=False
[2026-07-02 20:17:06] INFO     cv_attendance.cv_engine: [Perf] read=1.1ms | prep=0.2ms | detect=25.8ms | recognition=0.0ms | faces=0 | tracks=0 | active_tracks=0 | known_seen=0 | db_q=0 | log_q=0
[2026-07-02 20:17:08] INFO     cv_attendance.cv_engine: [AttendanceFramePipeline] original=1920x536 | after_crop=826x444 | final_ai=826x444 | source_crop=True | ai_resize=False
[2026-07-02 20:17:09] INFO     cv_attendance.cv_engine: [Perf] read=0.7ms | prep=0.0ms | detect=42.8ms | recognition=0.0ms | faces=0 | tracks=0 | active_tracks=0 | known_seen=0 | db_q=0 | log_q=0
[2026-07-02 20:17:12] INFO     cv_attendance.cv_engine: [Perf] read=0.5ms | prep=0.0ms | detect=21.8ms | recognition=0.0ms | faces=0 | tracks=0 | active_tracks=0 | known_seen=0 | db_q=0 | log_q=0
[2026-07-02 20:17:13] INFO     cv_attendance.cv_engine: [AttendanceFramePipeline] original=1920x536 | after_crop=826x444 | final_ai=826x444 | source_crop=True | ai_resize=False
[2026-07-02 20:17:15] INFO     cv_attendance.cv_engine: [Perf] read=0.4ms | prep=0.0ms | detect=31.1ms | recognition=0.0ms | faces=0 | tracks=0 | active_tracks=0 | known_seen=0 | db_q=0 | log_q=0
[2026-07-02 20:17:18] INFO     cv_attendance.cv_engine: [Perf] read=1.2ms | prep=0.0ms | detect=25.0ms | recognition=0.0ms | faces=0 | tracks=0 | active_tracks=0 | known_seen=0 | db_q=0 | log_q=0
[2026-07-02 20:17:18] INFO     cv_attendance.cv_engine: [AttendanceFramePipeline] original=1920x536 | after_crop=826x444 | final_ai=826x444 | source_crop=True | ai_resize=False
[2026-07-02 20:17:21] INFO     cv_attendance.cv_engine: [Perf] read=0.7ms | prep=0.0ms | detect=27.0ms | recognition=0.0ms | faces=0 | tracks=0 | active_tracks=0 | known_seen=0 | db_q=0 | log_q=0
[2026-07-02 20:17:23] INFO     cv_attendance.cv_engine: [AttendanceFramePipeline] original=1920x536 | after_crop=826x444 | final_ai=826x444 | source_crop=True | ai_resize=False
[2026-07-02 20:17:24] INFO     cv_attendance.cv_engine: [Perf] read=1.2ms | prep=0.0ms | detect=22.9ms | recognition=0.0ms | faces=0 | tracks=0 | active_tracks=0 | known_seen=0 | db_q=0 | log_q=0
[2026-07-02 20:17:27] INFO     cv_attendance.cv_engine: [Perf] read=1.0ms | prep=0.0ms | detect=41.3ms | recognition=0.0ms | faces=0 | tracks=0 | active_tracks=0 | known_seen=0 | db_q=0 | log_q=0
[2026-07-02 20:17:28] INFO     cv_attendance.cv_engine: [AttendanceFramePipeline] original=1920x536 | after_crop=826x444 | final_ai=826x444 | source_crop=True | ai_resize=False
[2026-07-02 20:17:30] INFO     cv_attendance.cv_engine: [Perf] read=0.5ms | prep=0.0ms | detect=29.2ms | recognition=0.0ms | faces=0 | tracks=0 | active_tracks=0 | known_seen=0 | db_q=0 | log_q=0
[2026-07-02 20:17:33] INFO     cv_attendance.cv_engine: [AttendanceFramePipeline] original=1920x536 | after_crop=826x444 | final_ai=826x444 | source_crop=True | ai_resize=False
[2026-07-02 20:17:33] INFO     cv_attendance.cv_engine: [Perf] read=0.7ms | prep=1.0ms | detect=44.2ms | recognition=0.0ms | faces=0 | tracks=0 | active_tracks=0 | known_seen=0 | db_q=0 | log_q=0
[2026-07-02 20:17:36] INFO     cv_attendance.cv_engine: [Perf] read=0.5ms | prep=0.0ms | detect=32.2ms | recognition=0.0ms | faces=0 | tracks=0 | active_tracks=0 | known_seen=0 | db_q=0 | log_q=0
[2026-07-02 20:17:38] INFO     cv_attendance.cv_engine: [AttendanceFramePipeline] original=1920x536 | after_crop=826x444 | final_ai=826x444 | source_crop=True | ai_resize=False
[2026-07-02 20:17:39] INFO     cv_attendance.cv_engine: [Perf] read=2.0ms | prep=0.1ms | detect=35.1ms | recognition=0.0ms | faces=0 | tracks=0 | active_tracks=0 | known_seen=0 | db_q=0 | log_q=0
[2026-07-02 20:17:42] INFO     cv_attendance.cv_engine: [Perf] read=0.4ms | prep=0.0ms | detect=21.4ms | recognition=0.0ms | faces=0 | tracks=0 | active_tracks=0 | known_seen=0 | db_q=0 | log_q=0
[2026-07-02 20:17:43] INFO     cv_attendance.cv_engine: [AttendanceFramePipeline] original=1920x536 | after_crop=826x444 | final_ai=826x444 | source_crop=True | ai_resize=False
[2026-07-02 20:17:45] INFO     cv_attendance.cv_engine: [Perf] read=0.8ms | prep=0.0ms | detect=27.8ms | recognition=0.0ms | faces=0 | tracks=0 | active_tracks=0 | known_seen=0 | db_q=0 | log_q=0
[2026-07-02 20:17:48] INFO     cv_attendance.cv_engine: [AttendanceFramePipeline] original=1920x536 | after_crop=826x444 | final_ai=826x444 | source_crop=True | ai_resize=False
[2026-07-02 20:17:48] INFO     cv_attendance.cv_engine: [Perf] read=1.4ms | prep=0.0ms | detect=31.9ms | recognition=0.0ms | faces=0 | tracks=0 | active_tracks=0 | known_seen=0 | db_q=0 | log_q=0
[2026-07-02 20:17:51] INFO     cv_attendance.cv_engine: [Perf] read=0.8ms | prep=0.0ms | detect=20.9ms | recognition=0.0ms | faces=0 | tracks=0 | active_tracks=0 | known_seen=0 | db_q=0 | log_q=0
[2026-07-02 20:17:53] INFO     cv_attendance.cv_engine: [AttendanceFramePipeline] original=1920x536 | after_crop=826x444 | final_ai=826x444 | source_crop=True | ai_resize=False
[2026-07-02 20:17:54] INFO     cv_attendance.cv_engine: [Perf] read=0.7ms | prep=0.0ms | detect=21.6ms | recognition=0.0ms | faces=0 | tracks=0 | active_tracks=0 | known_seen=0 | db_q=0 | log_q=0
[2026-07-02 20:17:57] INFO     cv_attendance.cv_engine: [Perf] read=0.6ms | prep=0.0ms | detect=30.8ms | recognition=0.0ms | faces=0 | tracks=0 | active_tracks=0 | known_seen=0 | db_q=0 | log_q=0
[2026-07-02 20:17:58] INFO     cv_attendance.cv_engine: [AttendanceFramePipeline] original=1920x536 | after_crop=826x444 | final_ai=826x444 | source_crop=True | ai_resize=False
[2026-07-02 20:18:00] INFO     cv_attendance.cv_engine: [Perf] read=0.5ms | prep=0.0ms | detect=40.3ms | recognition=0.0ms | faces=0 | tracks=0 | active_tracks=0 | known_seen=0 | db_q=0 | log_q=0
[2026-07-02 20:18:03] INFO     cv_attendance.cv_engine: [AttendanceFramePipeline] original=1920x536 | after_crop=826x444 | final_ai=826x444 | source_crop=True | ai_resize=False
[2026-07-02 20:18:03] INFO     cv_attendance.cv_engine: [Perf] read=0.5ms | prep=0.0ms | detect=25.5ms | recognition=0.0ms | faces=0 | tracks=0 | active_tracks=0 | known_seen=0 | db_q=0 | log_q=0
[2026-07-02 20:18:06] INFO     cv_attendance.cv_engine: [Perf] read=0.5ms | prep=0.0ms | detect=25.8ms | recognition=0.0ms | faces=0 | tracks=0 | active_tracks=0 | known_seen=0 | db_q=0 | log_q=0
[2026-07-02 20:18:08] INFO     cv_attendance.cv_engine: [AttendanceFramePipeline] original=1920x536 | after_crop=826x444 | final_ai=826x444 | source_crop=True | ai_resize=False
[2026-07-02 20:18:10] INFO     cv_attendance.cv_engine: [Perf] read=0.8ms | prep=0.1ms | detect=35.9ms | recognition=0.0ms | faces=0 | tracks=0 | active_tracks=0 | known_seen=0 | db_q=0 | log_q=0
[2026-07-02 20:18:13] INFO     cv_attendance.cv_engine: [Perf] read=0.9ms | prep=0.0ms | detect=81.7ms | recognition=0.0ms | faces=0 | tracks=0 | active_tracks=0 | known_seen=0 | db_q=0 | log_q=0
[2026-07-02 20:18:13] INFO     cv_attendance.cv_engine: [AttendanceFramePipeline] original=1920x536 | after_crop=826x444 | final_ai=826x444 | source_crop=True | ai_resize=False
[2026-07-02 20:18:14] INFO     cv_attendance.cv_engine: [CameraThread] Selesai.
[2026-07-02 20:18:14] INFO     cv_attendance.cv_engine: [DBWriter] Selesai.
[2026-07-02 20:18:14] INFO     cv_attendance.cv_engine: [SessionManager] WorshipSession 27 ditutup
[2026-07-02 20:18:14] INFO     cv_attendance.cv_engine: [SessionManager] Sesi 'Ibadah Raya Sabat' dihentikan.
[2026-07-02 20:18:36] INFO     cv_attendance.vision.face_matcher: FaceMatcher: 85 embedding dimuat dengan matrix matching.
[2026-07-02 20:18:36] INFO     cv_attendance.cv_engine: [SessionManager] WorshipSession dibuat: id=28 | 'Ibadah Raya Sabat'
[2026-07-02 20:18:37] INFO     cv_attendance.cv_engine: [SessionManager] Pre-populated 12 attendance rows untuk session_id=28
[2026-07-02 20:18:40] INFO     cv_attendance.cv_engine: [CameraThread] Dimulai.
[2026-07-02 20:18:40] INFO     cv_attendance.cv_engine: [DBWriter] Dimulai.
[2026-07-02 20:18:40] INFO     cv_attendance.cv_engine: [AttendanceFramePipeline] original=1920x536 | after_crop=826x444 | final_ai=826x444 | source_crop=True | ai_resize=False
[2026-07-02 20:18:40] INFO     cv_attendance.cv_engine: [SessionManager] Sesi 'Ibadah Raya Sabat' dimulai. session_id=28 | 85 embedding dimuat.
[2026-07-02 20:18:40] INFO     cv_attendance.cv_engine: [Perf] read=12.9ms | prep=32.4ms | detect=277.7ms | recognition=0.0ms | faces=0 | tracks=0 | active_tracks=0 | known_seen=0 | db_q=0 | log_q=0
[2026-07-02 20:18:43] INFO     cv_attendance.cv_engine: [Perf] read=0.7ms | prep=0.0ms | detect=39.0ms | recognition=0.0ms | faces=0 | tracks=0 | active_tracks=0 | known_seen=0 | db_q=0 | log_q=0
[2026-07-02 20:18:45] INFO     cv_attendance.cv_engine: [AttendanceFramePipeline] original=1920x536 | after_crop=826x444 | final_ai=826x444 | source_crop=True | ai_resize=False
[2026-07-02 20:18:46] INFO     cv_attendance.cv_engine: [Perf] read=0.7ms | prep=0.0ms | detect=53.7ms | recognition=0.0ms | faces=0 | tracks=0 | active_tracks=0 | known_seen=0 | db_q=0 | log_q=0
[2026-07-02 20:18:49] INFO     cv_attendance.cv_engine: [Perf] read=0.9ms | prep=0.0ms | detect=34.4ms | recognition=0.0ms | faces=0 | tracks=0 | active_tracks=0 | known_seen=0 | db_q=0 | log_q=0
[2026-07-02 20:18:50] INFO     cv_attendance.cv_engine: [AttendanceFramePipeline] original=1920x536 | after_crop=826x444 | final_ai=826x444 | source_crop=True | ai_resize=False
[2026-07-02 20:18:52] INFO     cv_attendance.cv_engine: [Perf] read=1.8ms | prep=0.0ms | detect=32.1ms | recognition=0.0ms | faces=0 | tracks=0 | active_tracks=0 | known_seen=0 | db_q=0 | log_q=0
[2026-07-02 20:18:55] INFO     cv_attendance.cv_engine: [AttendanceFramePipeline] original=1920x536 | after_crop=826x444 | final_ai=826x444 | source_crop=True | ai_resize=False
[2026-07-02 20:18:55] INFO     cv_attendance.cv_engine: [Perf] read=0.5ms | prep=0.0ms | detect=21.5ms | recognition=0.0ms | faces=0 | tracks=0 | active_tracks=0 | known_seen=0 | db_q=0 | log_q=0
[2026-07-02 20:18:58] INFO     cv_attendance.cv_engine: [Perf] read=0.7ms | prep=0.0ms | detect=23.6ms | recognition=0.0ms | faces=0 | tracks=0 | active_tracks=0 | known_seen=0 | db_q=0 | log_q=0
[2026-07-02 20:19:00] INFO     cv_attendance.cv_engine: [AttendanceFramePipeline] original=1920x536 | after_crop=826x444 | final_ai=826x444 | source_crop=True | ai_resize=False
[2026-07-02 20:19:01] INFO     cv_attendance.cv_engine: [Perf] read=0.8ms | prep=0.0ms | detect=43.5ms | recognition=0.0ms | faces=0 | tracks=0 | active_tracks=0 | known_seen=0 | db_q=0 | log_q=0
[2026-07-02 20:19:04] INFO     cv_attendance.cv_engine: [Perf] read=0.7ms | prep=0.0ms | detect=40.8ms | recognition=0.0ms | faces=0 | tracks=0 | active_tracks=0 | known_seen=0 | db_q=0 | log_q=0
[2026-07-02 20:19:05] INFO     cv_attendance.cv_engine: [AttendanceFramePipeline] original=1920x536 | after_crop=826x444 | final_ai=826x444 | source_crop=True | ai_resize=False
[2026-07-02 20:19:07] INFO     cv_attendance.cv_engine: [Perf] read=1.3ms | prep=0.1ms | detect=44.9ms | recognition=0.0ms | faces=0 | tracks=0 | active_tracks=0 | known_seen=0 | db_q=0 | log_q=0
[2026-07-02 20:19:22] INFO     cv_attendance.cv_engine: [Perf] read=1.1ms | prep=0.0ms | detect=21.5ms | recognition=13760.0ms | faces=1 | tracks=1 | active_tracks=1 | known_seen=0 | db_q=0 | log_q=1
[2026-07-02 20:19:22] INFO     cv_attendance.cv_engine: [AttendanceFramePipeline] original=1920x536 | after_crop=826x444 | final_ai=826x444 | source_crop=True | ai_resize=False
[2026-07-02 20:19:25] INFO     cv_attendance.cv_engine: [Perf] read=1.2ms | prep=0.1ms | detect=25.5ms | recognition=0.0ms | faces=0 | tracks=0 | active_tracks=0 | known_seen=0 | db_q=0 | log_q=0
[2026-07-02 20:19:27] INFO     cv_attendance.cv_engine: [AttendanceFramePipeline] original=1920x536 | after_crop=826x444 | final_ai=826x444 | source_crop=True | ai_resize=False
[2026-07-02 20:19:28] INFO     cv_attendance.cv_engine: [Perf] read=0.8ms | prep=0.0ms | detect=35.7ms | recognition=0.0ms | faces=0 | tracks=0 | active_tracks=0 | known_seen=0 | db_q=0 | log_q=0
[2026-07-02 20:19:31] INFO     cv_attendance.cv_engine: [Perf] read=1.0ms | prep=0.0ms | detect=28.3ms | recognition=0.0ms | faces=0 | tracks=0 | active_tracks=0 | known_seen=0 | db_q=0 | log_q=0
[2026-07-02 20:19:32] INFO     cv_attendance.cv_engine: [AttendanceFramePipeline] original=1920x536 | after_crop=826x444 | final_ai=826x444 | source_crop=True | ai_resize=False
[2026-07-02 20:19:34] INFO     cv_attendance.cv_engine: [Perf] read=0.8ms | prep=0.0ms | detect=23.7ms | recognition=0.0ms | faces=0 | tracks=0 | active_tracks=0 | known_seen=0 | db_q=0 | log_q=0
[2026-07-02 20:19:37] INFO     cv_attendance.cv_engine: [Perf] read=0.7ms | prep=0.0ms | detect=34.1ms | recognition=0.0ms | faces=0 | tracks=0 | active_tracks=0 | known_seen=0 | db_q=0 | log_q=0
[2026-07-02 20:19:37] INFO     cv_attendance.cv_engine: [AttendanceFramePipeline] original=1920x536 | after_crop=826x444 | final_ai=826x444 | source_crop=True | ai_resize=False
[2026-07-02 20:19:40] INFO     cv_attendance.cv_engine: [Perf] read=1.1ms | prep=0.0ms | detect=23.5ms | recognition=0.0ms | faces=0 | tracks=0 | active_tracks=0 | known_seen=0 | db_q=0 | log_q=0
[2026-07-02 20:19:42] INFO     cv_attendance.cv_engine: [AttendanceFramePipeline] original=1920x536 | after_crop=826x444 | final_ai=826x444 | source_crop=True | ai_resize=False
[2026-07-02 20:19:43] INFO     cv_attendance.cv_engine: [Perf] read=1.5ms | prep=0.1ms | detect=33.6ms | recognition=0.0ms | faces=0 | tracks=0 | active_tracks=0 | known_seen=0 | db_q=0 | log_q=0
[2026-07-02 20:19:46] INFO     cv_attendance.cv_engine: [Perf] read=0.6ms | prep=0.0ms | detect=27.7ms | recognition=0.0ms | faces=0 | tracks=0 | active_tracks=0 | known_seen=0 | db_q=0 | log_q=0
[2026-07-02 20:19:47] INFO     cv_attendance.cv_engine: [AttendanceFramePipeline] original=1920x536 | after_crop=826x444 | final_ai=826x444 | source_crop=True | ai_resize=False
[2026-07-02 20:19:49] INFO     cv_attendance.cv_engine: [Perf] read=0.7ms | prep=0.0ms | detect=25.5ms | recognition=0.0ms | faces=0 | tracks=0 | active_tracks=0 | known_seen=0 | db_q=0 | log_q=0
[2026-07-02 20:19:52] INFO     cv_attendance.cv_engine: [Perf] read=0.7ms | prep=0.0ms | detect=35.6ms | recognition=0.0ms | faces=0 | tracks=0 | active_tracks=0 | known_seen=0 | db_q=0 | log_q=0
[2026-07-02 20:19:52] INFO     cv_attendance.cv_engine: [AttendanceFramePipeline] original=1920x536 | after_crop=826x444 | final_ai=826x444 | source_crop=True | ai_resize=False
[2026-07-02 20:19:55] INFO     cv_attendance.cv_engine: [Perf] read=0.7ms | prep=0.0ms | detect=54.0ms | recognition=0.0ms | faces=0 | tracks=0 | active_tracks=0 | known_seen=0 | db_q=0 | log_q=0
[2026-07-02 20:19:57] INFO     cv_attendance.cv_engine: [AttendanceFramePipeline] original=1920x536 | after_crop=826x444 | final_ai=826x444 | source_crop=True | ai_resize=False
[2026-07-02 20:19:58] INFO     cv_attendance.cv_engine: [Perf] read=0.7ms | prep=0.0ms | detect=34.7ms | recognition=0.0ms | faces=0 | tracks=0 | active_tracks=0 | known_seen=0 | db_q=0 | log_q=0
[2026-07-02 20:20:01] INFO     cv_attendance.cv_engine: [Perf] read=0.7ms | prep=0.0ms | detect=33.0ms | recognition=0.0ms | faces=0 | tracks=0 | active_tracks=0 | known_seen=0 | db_q=0 | log_q=0
[2026-07-02 20:20:02] INFO     cv_attendance.cv_engine: [AttendanceFramePipeline] original=1920x536 | after_crop=826x444 | final_ai=826x444 | source_crop=True | ai_resize=False
[2026-07-02 20:20:04] INFO     cv_attendance.cv_engine: [Perf] read=0.8ms | prep=0.0ms | detect=52.6ms | recognition=0.0ms | faces=0 | tracks=0 | active_tracks=0 | known_seen=0 | db_q=0 | log_q=0
[2026-07-02 20:20:07] INFO     cv_attendance.cv_engine: [AttendanceFramePipeline] original=1920x536 | after_crop=826x444 | final_ai=826x444 | source_crop=True | ai_resize=False
[2026-07-02 20:20:07] INFO     cv_attendance.cv_engine: [Perf] read=1.7ms | prep=0.0ms | detect=30.1ms | recognition=0.0ms | faces=0 | tracks=0 | active_tracks=0 | known_seen=0 | db_q=0 | log_q=0
[2026-07-02 20:20:10] INFO     cv_attendance.cv_engine: [CameraThread] Selesai.
[2026-07-02 20:20:10] INFO     cv_attendance.cv_engine: [DBWriter] Selesai.
[2026-07-02 20:20:11] INFO     cv_attendance.cv_engine: [SessionManager] WorshipSession 28 ditutup
[2026-07-02 20:20:11] INFO     cv_attendance.cv_engine: [SessionManager] Sesi 'Ibadah Raya Sabat' dihentikan.
[2026-07-02 20:35:06] INFO     cv_attendance.vision.face_detector: Loading InsightFace model 'buffalo_l'...
[2026-07-02 20:36:09] INFO     cv_attendance.vision.face_detector: PyTorch CUDA check: torch=2.5.1+cu121, cuda=12.1, cuda_available=True, gpu=NVIDIA GeForce RTX 3050 6GB Laptop GPU
[2026-07-02 20:36:10] INFO     cv_attendance.vision.face_detector: PyTorch CUDA warm-up berhasil.
[2026-07-02 20:36:10] INFO     cv_attendance.vision.face_detector: ONNX Runtime preload_dlls tidak tersedia pada versi ini. Lanjut pakai PyTorch CUDA preload.
[2026-07-02 20:36:10] INFO     cv_attendance.vision.face_detector: ONNX Runtime available providers: ['TensorrtExecutionProvider', 'CUDAExecutionProvider', 'CPUExecutionProvider']
[2026-07-02 20:36:10] INFO     cv_attendance.vision.face_detector: InsightFace requested providers: [('CUDAExecutionProvider', {'device_id': 0, 'arena_extend_strategy': 'kNextPowerOfTwo', 'cudnn_conv_algo_search': 'EXHAUSTIVE', 'do_copy_in_default_stream': True}), 'CPUExecutionProvider']
[2026-07-02 20:36:18] INFO     cv_attendance.vision.face_detector: InsightFace real active providers: ['CPUExecutionProvider', 'CUDAExecutionProvider']
[2026-07-02 20:36:18] INFO     cv_attendance.vision.face_detector: InsightFace model benar-benar aktif dengan GPU CUDA. GPU_DEVICE_ID=0, det_size=(832, 480)
[2026-07-02 20:36:19] INFO     cv_attendance.vision.face_matcher: FaceMatcher: 85 embedding dimuat dengan matrix matching.
[2026-07-02 20:36:19] INFO     cv_attendance.cv_engine: [SessionManager] WorshipSession dibuat: id=29 | 'Ibadah Raya Sabat'
[2026-07-02 20:36:19] INFO     cv_attendance.cv_engine: [SessionManager] Pre-populated 12 attendance rows untuk session_id=29
[2026-07-02 20:36:23] INFO     cv_attendance.cv_engine: [CameraThread] Dimulai.
[2026-07-02 20:36:23] INFO     cv_attendance.cv_engine: [DBWriter] Dimulai.
[2026-07-02 20:36:23] INFO     cv_attendance.cv_engine: [SessionManager] Sesi 'Ibadah Raya Sabat' dimulai. session_id=29 | 85 embedding dimuat.
[2026-07-02 20:36:23] INFO     cv_attendance.cv_engine: [AttendanceFramePipeline] original=1920x536 | after_crop=826x474 | final_ai=826x474 | source_crop=True | ai_resize=False
[2026-07-02 20:36:25] INFO     cv_attendance.cv_engine: [Perf] read=8.0ms | prep=14.6ms | detect=2054.3ms | recognition=0.0ms | faces=0 | tracks=0 | active_tracks=0 | known_seen=0 | db_q=0 | log_q=0
[2026-07-02 20:36:28] INFO     cv_attendance.cv_engine: [AttendanceFramePipeline] original=1920x536 | after_crop=826x474 | final_ai=826x474 | source_crop=True | ai_resize=False
[2026-07-02 20:36:28] INFO     cv_attendance.cv_engine: [Perf] read=1.1ms | prep=0.1ms | detect=31.5ms | recognition=0.0ms | faces=0 | tracks=0 | active_tracks=0 | known_seen=0 | db_q=0 | log_q=0
[2026-07-02 20:36:31] INFO     cv_attendance.cv_engine: [Perf] read=1.5ms | prep=0.0ms | detect=33.3ms | recognition=0.0ms | faces=0 | tracks=0 | active_tracks=0 | known_seen=0 | db_q=0 | log_q=0
[2026-07-02 20:36:33] INFO     cv_attendance.cv_engine: [AttendanceFramePipeline] original=1920x536 | after_crop=826x474 | final_ai=826x474 | source_crop=True | ai_resize=False
[2026-07-02 20:36:34] INFO     cv_attendance.cv_engine: [Perf] read=0.5ms | prep=0.0ms | detect=28.9ms | recognition=0.0ms | faces=0 | tracks=0 | active_tracks=0 | known_seen=0 | db_q=0 | log_q=0
[2026-07-02 20:36:37] INFO     cv_attendance.cv_engine: [Perf] read=0.4ms | prep=0.0ms | detect=28.9ms | recognition=0.0ms | faces=0 | tracks=0 | active_tracks=0 | known_seen=0 | db_q=0 | log_q=0
[2026-07-02 20:36:38] INFO     cv_attendance.cv_engine: [AttendanceFramePipeline] original=1920x536 | after_crop=826x474 | final_ai=826x474 | source_crop=True | ai_resize=False
[2026-07-02 20:36:40] INFO     cv_attendance.cv_engine: [Perf] read=0.7ms | prep=0.0ms | detect=19.5ms | recognition=0.0ms | faces=0 | tracks=0 | active_tracks=0 | known_seen=0 | db_q=0 | log_q=0
[2026-07-02 20:36:43] INFO     cv_attendance.cv_engine: [AttendanceFramePipeline] original=1920x536 | after_crop=826x474 | final_ai=826x474 | source_crop=True | ai_resize=False
[2026-07-02 20:36:43] INFO     cv_attendance.cv_engine: [Perf] read=0.5ms | prep=0.0ms | detect=22.9ms | recognition=0.0ms | faces=0 | tracks=0 | active_tracks=0 | known_seen=0 | db_q=0 | log_q=0
[2026-07-02 20:36:46] INFO     cv_attendance.cv_engine: [Perf] read=0.6ms | prep=0.0ms | detect=24.2ms | recognition=0.0ms | faces=0 | tracks=0 | active_tracks=0 | known_seen=0 | db_q=0 | log_q=0
[2026-07-02 20:36:48] INFO     cv_attendance.cv_engine: [AttendanceFramePipeline] original=1920x536 | after_crop=826x474 | final_ai=826x474 | source_crop=True | ai_resize=False
[2026-07-02 20:36:49] INFO     cv_attendance.cv_engine: [Perf] read=0.5ms | prep=0.0ms | detect=24.6ms | recognition=0.0ms | faces=0 | tracks=0 | active_tracks=0 | known_seen=0 | db_q=0 | log_q=0
[2026-07-02 20:36:52] INFO     cv_attendance.cv_engine: [Perf] read=0.6ms | prep=0.0ms | detect=24.7ms | recognition=0.0ms | faces=0 | tracks=0 | active_tracks=0 | known_seen=0 | db_q=0 | log_q=0
[2026-07-02 20:36:53] INFO     cv_attendance.cv_engine: [AttendanceFramePipeline] original=1920x536 | after_crop=826x474 | final_ai=826x474 | source_crop=True | ai_resize=False
[2026-07-02 20:36:55] INFO     cv_attendance.cv_engine: [Perf] read=0.6ms | prep=0.0ms | detect=25.8ms | recognition=0.0ms | faces=0 | tracks=0 | active_tracks=0 | known_seen=0 | db_q=0 | log_q=0
[2026-07-02 20:36:58] INFO     cv_attendance.cv_engine: [AttendanceFramePipeline] original=1920x536 | after_crop=826x474 | final_ai=826x474 | source_crop=True | ai_resize=False
[2026-07-02 20:36:58] INFO     cv_attendance.cv_engine: [Perf] read=0.5ms | prep=0.0ms | detect=24.1ms | recognition=0.0ms | faces=0 | tracks=0 | active_tracks=0 | known_seen=0 | db_q=0 | log_q=0
[2026-07-02 20:37:02] INFO     cv_attendance.cv_engine: [Perf] read=0.6ms | prep=0.0ms | detect=24.5ms | recognition=0.0ms | faces=0 | tracks=0 | active_tracks=0 | known_seen=0 | db_q=0 | log_q=0
[2026-07-02 20:37:03] INFO     cv_attendance.cv_engine: [AttendanceFramePipeline] original=1920x536 | after_crop=826x474 | final_ai=826x474 | source_crop=True | ai_resize=False
[2026-07-02 20:37:05] INFO     cv_attendance.cv_engine: [Perf] read=0.7ms | prep=0.0ms | detect=28.5ms | recognition=0.0ms | faces=0 | tracks=0 | active_tracks=0 | known_seen=0 | db_q=0 | log_q=0
[2026-07-02 20:37:08] INFO     cv_attendance.cv_engine: [Perf] read=0.7ms | prep=0.0ms | detect=24.0ms | recognition=0.0ms | faces=0 | tracks=0 | active_tracks=0 | known_seen=0 | db_q=0 | log_q=0
[2026-07-02 20:37:08] INFO     cv_attendance.cv_engine: [AttendanceFramePipeline] original=1920x536 | after_crop=826x474 | final_ai=826x474 | source_crop=True | ai_resize=False
[2026-07-02 20:37:11] INFO     cv_attendance.cv_engine: [Perf] read=0.6ms | prep=0.0ms | detect=24.5ms | recognition=0.0ms | faces=0 | tracks=0 | active_tracks=0 | known_seen=0 | db_q=0 | log_q=0
[2026-07-02 20:37:13] INFO     cv_attendance.cv_engine: [AttendanceFramePipeline] original=1920x536 | after_crop=826x474 | final_ai=826x474 | source_crop=True | ai_resize=False
[2026-07-02 20:37:14] INFO     cv_attendance.cv_engine: [Perf] read=0.6ms | prep=0.0ms | detect=26.9ms | recognition=0.0ms | faces=0 | tracks=0 | active_tracks=0 | known_seen=0 | db_q=0 | log_q=0
[2026-07-02 20:37:17] INFO     cv_attendance.cv_engine: [Perf] read=0.6ms | prep=0.0ms | detect=23.6ms | recognition=0.0ms | faces=0 | tracks=0 | active_tracks=0 | known_seen=0 | db_q=0 | log_q=0
[2026-07-02 20:37:18] INFO     cv_attendance.cv_engine: [AttendanceFramePipeline] original=1920x536 | after_crop=826x474 | final_ai=826x474 | source_crop=True | ai_resize=False
[2026-07-02 20:37:20] INFO     cv_attendance.cv_engine: [Perf] read=0.5ms | prep=0.0ms | detect=24.2ms | recognition=0.0ms | faces=0 | tracks=0 | active_tracks=0 | known_seen=0 | db_q=0 | log_q=0
[2026-07-02 20:37:23] INFO     cv_attendance.cv_engine: [Perf] read=0.5ms | prep=0.0ms | detect=23.8ms | recognition=0.0ms | faces=0 | tracks=0 | active_tracks=0 | known_seen=0 | db_q=0 | log_q=0
[2026-07-02 20:37:23] INFO     cv_attendance.cv_engine: [AttendanceFramePipeline] original=1920x536 | after_crop=826x474 | final_ai=826x474 | source_crop=True | ai_resize=False
[2026-07-02 20:37:26] INFO     cv_attendance.cv_engine: [Perf] read=1.8ms | prep=0.0ms | detect=24.7ms | recognition=0.0ms | faces=0 | tracks=0 | active_tracks=0 | known_seen=0 | db_q=0 | log_q=0
[2026-07-02 20:37:28] INFO     cv_attendance.cv_engine: [AttendanceFramePipeline] original=1920x536 | after_crop=826x474 | final_ai=826x474 | source_crop=True | ai_resize=False
[2026-07-02 20:37:29] INFO     cv_attendance.cv_engine: [Perf] read=0.5ms | prep=0.0ms | detect=24.4ms | recognition=0.0ms | faces=0 | tracks=0 | active_tracks=0 | known_seen=0 | db_q=0 | log_q=0
[2026-07-02 20:37:32] INFO     cv_attendance.cv_engine: [Perf] read=0.6ms | prep=0.0ms | detect=23.8ms | recognition=0.0ms | faces=0 | tracks=0 | active_tracks=0 | known_seen=0 | db_q=0 | log_q=0
[2026-07-02 20:37:34] INFO     cv_attendance.cv_engine: [AttendanceFramePipeline] original=1920x536 | after_crop=826x474 | final_ai=826x474 | source_crop=True | ai_resize=False
[2026-07-02 20:37:35] INFO     cv_attendance.cv_engine: [Perf] read=0.6ms | prep=0.0ms | detect=22.9ms | recognition=0.0ms | faces=0 | tracks=0 | active_tracks=0 | known_seen=0 | db_q=0 | log_q=0
[2026-07-02 20:37:38] INFO     cv_attendance.cv_engine: [Perf] read=0.7ms | prep=0.0ms | detect=22.9ms | recognition=0.0ms | faces=0 | tracks=0 | active_tracks=0 | known_seen=0 | db_q=0 | log_q=0
[2026-07-02 20:37:39] INFO     cv_attendance.cv_engine: [AttendanceFramePipeline] original=1920x536 | after_crop=826x474 | final_ai=826x474 | source_crop=True | ai_resize=False
[2026-07-02 20:37:41] INFO     cv_attendance.cv_engine: [Perf] read=1.3ms | prep=0.0ms | detect=29.5ms | recognition=0.0ms | faces=0 | tracks=0 | active_tracks=0 | known_seen=0 | db_q=0 | log_q=0
[2026-07-02 20:37:44] INFO     cv_attendance.cv_engine: [AttendanceFramePipeline] original=1920x536 | after_crop=826x474 | final_ai=826x474 | source_crop=True | ai_resize=False
[2026-07-02 20:37:44] INFO     cv_attendance.cv_engine: [Perf] read=0.9ms | prep=0.0ms | detect=25.8ms | recognition=0.0ms | faces=0 | tracks=0 | active_tracks=0 | known_seen=0 | db_q=0 | log_q=0
[2026-07-02 20:37:47] INFO     cv_attendance.cv_engine: [Perf] read=0.5ms | prep=0.0ms | detect=23.5ms | recognition=0.0ms | faces=0 | tracks=0 | active_tracks=0 | known_seen=0 | db_q=0 | log_q=0
[2026-07-02 20:37:49] INFO     cv_attendance.cv_engine: [AttendanceFramePipeline] original=1920x536 | after_crop=826x474 | final_ai=826x474 | source_crop=True | ai_resize=False
[2026-07-02 20:37:50] INFO     cv_attendance.cv_engine: [Perf] read=0.6ms | prep=0.0ms | detect=25.4ms | recognition=0.0ms | faces=0 | tracks=0 | active_tracks=0 | known_seen=0 | db_q=0 | log_q=0
[2026-07-02 20:37:53] INFO     cv_attendance.cv_engine: [Perf] read=0.5ms | prep=0.0ms | detect=26.3ms | recognition=0.0ms | faces=0 | tracks=0 | active_tracks=0 | known_seen=0 | db_q=0 | log_q=0
[2026-07-02 20:37:54] INFO     cv_attendance.cv_engine: [AttendanceFramePipeline] original=1920x536 | after_crop=826x474 | final_ai=826x474 | source_crop=True | ai_resize=False
[2026-07-02 20:37:56] INFO     cv_attendance.cv_engine: [Perf] read=0.7ms | prep=0.0ms | detect=25.7ms | recognition=0.0ms | faces=0 | tracks=0 | active_tracks=0 | known_seen=0 | db_q=0 | log_q=0
[2026-07-02 20:37:59] INFO     cv_attendance.cv_engine: [AttendanceFramePipeline] original=1920x536 | after_crop=826x474 | final_ai=826x474 | source_crop=True | ai_resize=False
[2026-07-02 20:37:59] INFO     cv_attendance.cv_engine: [Perf] read=0.6ms | prep=0.0ms | detect=24.0ms | recognition=0.0ms | faces=0 | tracks=0 | active_tracks=0 | known_seen=0 | db_q=0 | log_q=0
[2026-07-02 20:38:02] INFO     cv_attendance.cv_engine: [Perf] read=0.5ms | prep=0.0ms | detect=23.0ms | recognition=0.0ms | faces=0 | tracks=0 | active_tracks=0 | known_seen=0 | db_q=0 | log_q=0
[2026-07-02 20:38:04] INFO     cv_attendance.cv_engine: [AttendanceFramePipeline] original=1920x536 | after_crop=826x474 | final_ai=826x474 | source_crop=True | ai_resize=False
[2026-07-02 20:38:05] INFO     cv_attendance.cv_engine: [Perf] read=0.6ms | prep=0.0ms | detect=27.0ms | recognition=0.0ms | faces=0 | tracks=0 | active_tracks=0 | known_seen=0 | db_q=0 | log_q=0
[2026-07-02 20:38:08] INFO     cv_attendance.cv_engine: [Perf] read=0.7ms | prep=0.0ms | detect=31.4ms | recognition=0.0ms | faces=0 | tracks=0 | active_tracks=0 | known_seen=0 | db_q=0 | log_q=0
[2026-07-02 20:38:09] INFO     cv_attendance.cv_engine: [AttendanceFramePipeline] original=1920x536 | after_crop=826x474 | final_ai=826x474 | source_crop=True | ai_resize=False
[2026-07-02 20:38:11] INFO     cv_attendance.cv_engine: [Perf] read=0.7ms | prep=0.0ms | detect=27.9ms | recognition=0.0ms | faces=0 | tracks=0 | active_tracks=0 | known_seen=0 | db_q=0 | log_q=0
[2026-07-02 20:38:14] INFO     cv_attendance.cv_engine: [AttendanceFramePipeline] original=1920x536 | after_crop=826x474 | final_ai=826x474 | source_crop=True | ai_resize=False
[2026-07-02 20:38:14] INFO     cv_attendance.cv_engine: [Perf] read=0.5ms | prep=0.0ms | detect=31.2ms | recognition=0.0ms | faces=0 | tracks=0 | active_tracks=0 | known_seen=0 | db_q=0 | log_q=0
[2026-07-02 20:38:17] INFO     cv_attendance.cv_engine: [Perf] read=0.9ms | prep=0.0ms | detect=38.2ms | recognition=0.0ms | faces=0 | tracks=0 | active_tracks=0 | known_seen=0 | db_q=0 | log_q=0
[2026-07-02 20:38:19] INFO     cv_attendance.cv_engine: [AttendanceFramePipeline] original=1920x536 | after_crop=826x474 | final_ai=826x474 | source_crop=True | ai_resize=False
[2026-07-02 20:38:20] INFO     cv_attendance.cv_engine: [Perf] read=0.6ms | prep=0.0ms | detect=32.1ms | recognition=0.0ms | faces=0 | tracks=0 | active_tracks=0 | known_seen=0 | db_q=0 | log_q=0
[2026-07-02 20:38:23] INFO     cv_attendance.cv_engine: [Perf] read=0.9ms | prep=0.0ms | detect=30.3ms | recognition=0.0ms | faces=0 | tracks=0 | active_tracks=0 | known_seen=0 | db_q=0 | log_q=0
[2026-07-02 20:38:24] INFO     cv_attendance.cv_engine: [AttendanceFramePipeline] original=1920x536 | after_crop=826x474 | final_ai=826x474 | source_crop=True | ai_resize=False
[2026-07-02 20:38:26] INFO     cv_attendance.cv_engine: [Perf] read=1.1ms | prep=0.0ms | detect=26.8ms | recognition=0.0ms | faces=0 | tracks=0 | active_tracks=0 | known_seen=0 | db_q=0 | log_q=0
[2026-07-02 20:38:29] INFO     cv_attendance.cv_engine: [AttendanceFramePipeline] original=1920x536 | after_crop=826x474 | final_ai=826x474 | source_crop=True | ai_resize=False
[2026-07-02 20:38:29] INFO     cv_attendance.cv_engine: [Perf] read=0.6ms | prep=0.0ms | detect=31.2ms | recognition=0.0ms | faces=0 | tracks=0 | active_tracks=0 | known_seen=0 | db_q=0 | log_q=0
[2026-07-02 20:38:32] INFO     cv_attendance.cv_engine: [Perf] read=0.6ms | prep=0.0ms | detect=29.3ms | recognition=0.0ms | faces=0 | tracks=0 | active_tracks=0 | known_seen=0 | db_q=0 | log_q=0
[2026-07-02 20:38:34] INFO     cv_attendance.cv_engine: [AttendanceFramePipeline] original=1920x536 | after_crop=826x474 | final_ai=826x474 | source_crop=True | ai_resize=False
[2026-07-02 20:38:35] INFO     cv_attendance.cv_engine: [Perf] read=1.2ms | prep=0.0ms | detect=37.7ms | recognition=0.0ms | faces=0 | tracks=0 | active_tracks=0 | known_seen=0 | db_q=0 | log_q=0
[2026-07-02 20:38:38] INFO     cv_attendance.cv_engine: [Perf] read=0.7ms | prep=0.0ms | detect=30.5ms | recognition=0.0ms | faces=0 | tracks=0 | active_tracks=0 | known_seen=0 | db_q=0 | log_q=0
[2026-07-02 20:38:39] INFO     cv_attendance.cv_engine: [AttendanceFramePipeline] original=1920x536 | after_crop=826x474 | final_ai=826x474 | source_crop=True | ai_resize=False
[2026-07-02 20:38:41] INFO     cv_attendance.cv_engine: [Perf] read=0.7ms | prep=0.0ms | detect=23.8ms | recognition=0.0ms | faces=0 | tracks=0 | active_tracks=0 | known_seen=0 | db_q=0 | log_q=0
[2026-07-02 20:38:44] INFO     cv_attendance.cv_engine: [AttendanceFramePipeline] original=1920x536 | after_crop=826x474 | final_ai=826x474 | source_crop=True | ai_resize=False
[2026-07-02 20:38:44] INFO     cv_attendance.cv_engine: [Perf] read=0.5ms | prep=0.0ms | detect=24.1ms | recognition=0.0ms | faces=0 | tracks=0 | active_tracks=0 | known_seen=0 | db_q=0 | log_q=0
[2026-07-02 20:38:47] INFO     cv_attendance.cv_engine: [Perf] read=1.2ms | prep=0.0ms | detect=28.4ms | recognition=0.0ms | faces=0 | tracks=0 | active_tracks=0 | known_seen=0 | db_q=0 | log_q=0
[2026-07-02 20:38:49] INFO     cv_attendance.cv_engine: [AttendanceFramePipeline] original=1920x536 | after_crop=826x474 | final_ai=826x474 | source_crop=True | ai_resize=False
[2026-07-02 20:38:50] INFO     cv_attendance.cv_engine: [Perf] read=0.8ms | prep=0.0ms | detect=29.7ms | recognition=0.0ms | faces=0 | tracks=0 | active_tracks=0 | known_seen=0 | db_q=0 | log_q=0
[2026-07-02 20:38:53] INFO     cv_attendance.cv_engine: [Perf] read=0.6ms | prep=0.0ms | detect=26.8ms | recognition=0.0ms | faces=0 | tracks=0 | active_tracks=0 | known_seen=0 | db_q=0 | log_q=0
[2026-07-02 20:38:54] INFO     cv_attendance.cv_engine: [AttendanceFramePipeline] original=1920x536 | after_crop=826x474 | final_ai=826x474 | source_crop=True | ai_resize=False
[2026-07-02 20:38:56] INFO     cv_attendance.cv_engine: [Perf] read=0.7ms | prep=0.0ms | detect=26.3ms | recognition=0.0ms | faces=0 | tracks=0 | active_tracks=0 | known_seen=0 | db_q=0 | log_q=0
[2026-07-02 20:38:59] INFO     cv_attendance.cv_engine: [AttendanceFramePipeline] original=1920x536 | after_crop=826x474 | final_ai=826x474 | source_crop=True | ai_resize=False
[2026-07-02 20:38:59] INFO     cv_attendance.cv_engine: [Perf] read=0.7ms | prep=0.0ms | detect=25.5ms | recognition=0.0ms | faces=0 | tracks=0 | active_tracks=0 | known_seen=0 | db_q=0 | log_q=0
[2026-07-02 20:39:02] INFO     cv_attendance.cv_engine: [Perf] read=0.6ms | prep=0.0ms | detect=37.0ms | recognition=0.0ms | faces=0 | tracks=0 | active_tracks=0 | known_seen=0 | db_q=0 | log_q=0
[2026-07-02 20:39:04] INFO     cv_attendance.cv_engine: [AttendanceFramePipeline] original=1920x536 | after_crop=826x474 | final_ai=826x474 | source_crop=True | ai_resize=False
[2026-07-02 20:39:05] INFO     cv_attendance.cv_engine: [Perf] read=0.6ms | prep=0.0ms | detect=34.2ms | recognition=0.0ms | faces=0 | tracks=0 | active_tracks=0 | known_seen=0 | db_q=0 | log_q=0
[2026-07-02 20:39:08] INFO     cv_attendance.cv_engine: [Perf] read=1.0ms | prep=0.0ms | detect=35.4ms | recognition=0.0ms | faces=0 | tracks=0 | active_tracks=0 | known_seen=0 | db_q=0 | log_q=0
[2026-07-02 20:39:09] INFO     cv_attendance.cv_engine: [AttendanceFramePipeline] original=1920x536 | after_crop=826x474 | final_ai=826x474 | source_crop=True | ai_resize=False
[2026-07-02 20:39:11] INFO     cv_attendance.cv_engine: [Perf] read=1.5ms | prep=0.1ms | detect=27.6ms | recognition=0.0ms | faces=0 | tracks=0 | active_tracks=0 | known_seen=0 | db_q=0 | log_q=0
[2026-07-02 20:39:14] INFO     cv_attendance.cv_engine: [AttendanceFramePipeline] original=1920x536 | after_crop=826x474 | final_ai=826x474 | source_crop=True | ai_resize=False
[2026-07-02 20:39:14] INFO     cv_attendance.cv_engine: [Perf] read=0.7ms | prep=0.0ms | detect=24.7ms | recognition=0.0ms | faces=0 | tracks=0 | active_tracks=0 | known_seen=0 | db_q=0 | log_q=0
[2026-07-02 20:39:17] INFO     cv_attendance.cv_engine: [Perf] read=0.5ms | prep=0.0ms | detect=27.4ms | recognition=0.0ms | faces=0 | tracks=0 | active_tracks=0 | known_seen=0 | db_q=0 | log_q=0
[2026-07-02 20:39:19] INFO     cv_attendance.cv_engine: [AttendanceFramePipeline] original=1920x536 | after_crop=826x474 | final_ai=826x474 | source_crop=True | ai_resize=False
[2026-07-02 20:39:20] INFO     cv_attendance.cv_engine: [Perf] read=0.9ms | prep=0.0ms | detect=26.5ms | recognition=0.0ms | faces=0 | tracks=0 | active_tracks=0 | known_seen=0 | db_q=0 | log_q=0
[2026-07-02 20:39:23] INFO     cv_attendance.cv_engine: [Perf] read=1.4ms | prep=0.1ms | detect=27.0ms | recognition=0.0ms | faces=0 | tracks=0 | active_tracks=0 | known_seen=0 | db_q=0 | log_q=0
[2026-07-02 20:39:24] INFO     cv_attendance.cv_engine: [AttendanceFramePipeline] original=1920x536 | after_crop=826x474 | final_ai=826x474 | source_crop=True | ai_resize=False
[2026-07-02 20:39:26] INFO     cv_attendance.cv_engine: [Perf] read=1.2ms | prep=0.0ms | detect=29.7ms | recognition=0.0ms | faces=0 | tracks=0 | active_tracks=0 | known_seen=0 | db_q=0 | log_q=0
[2026-07-02 20:39:29] INFO     cv_attendance.cv_engine: [AttendanceFramePipeline] original=1920x536 | after_crop=826x474 | final_ai=826x474 | source_crop=True | ai_resize=False
[2026-07-02 20:39:29] INFO     cv_attendance.cv_engine: [Perf] read=0.7ms | prep=0.0ms | detect=24.7ms | recognition=0.0ms | faces=0 | tracks=0 | active_tracks=0 | known_seen=0 | db_q=0 | log_q=0
[2026-07-02 20:39:32] INFO     cv_attendance.cv_engine: [Perf] read=0.8ms | prep=0.0ms | detect=34.7ms | recognition=0.0ms | faces=0 | tracks=0 | active_tracks=0 | known_seen=0 | db_q=0 | log_q=0
[2026-07-02 20:39:34] INFO     cv_attendance.cv_engine: [AttendanceFramePipeline] original=1920x536 | after_crop=826x474 | final_ai=826x474 | source_crop=True | ai_resize=False
[2026-07-02 20:39:35] INFO     cv_attendance.cv_engine: [Perf] read=1.4ms | prep=0.1ms | detect=77.6ms | recognition=0.0ms | faces=0 | tracks=0 | active_tracks=0 | known_seen=0 | db_q=0 | log_q=0
[2026-07-02 20:39:38] INFO     cv_attendance.cv_engine: [Perf] read=0.6ms | prep=0.0ms | detect=24.1ms | recognition=0.0ms | faces=0 | tracks=0 | active_tracks=0 | known_seen=0 | db_q=0 | log_q=0
[2026-07-02 20:39:39] INFO     cv_attendance.cv_engine: [AttendanceFramePipeline] original=1920x536 | after_crop=826x474 | final_ai=826x474 | source_crop=True | ai_resize=False
[2026-07-02 20:39:41] INFO     cv_attendance.cv_engine: [Perf] read=0.7ms | prep=0.0ms | detect=23.3ms | recognition=0.0ms | faces=0 | tracks=0 | active_tracks=0 | known_seen=0 | db_q=0 | log_q=0
[2026-07-02 20:39:44] INFO     cv_attendance.cv_engine: [AttendanceFramePipeline] original=1920x536 | after_crop=826x474 | final_ai=826x474 | source_crop=True | ai_resize=False
[2026-07-02 20:39:44] INFO     cv_attendance.cv_engine: [Perf] read=0.8ms | prep=0.0ms | detect=28.1ms | recognition=0.0ms | faces=0 | tracks=0 | active_tracks=0 | known_seen=0 | db_q=0 | log_q=0
[2026-07-02 20:39:47] INFO     cv_attendance.cv_engine: [Perf] read=0.5ms | prep=0.0ms | detect=23.9ms | recognition=0.0ms | faces=0 | tracks=0 | active_tracks=0 | known_seen=0 | db_q=0 | log_q=0
[2026-07-02 20:39:49] INFO     cv_attendance.cv_engine: [AttendanceFramePipeline] original=1920x536 | after_crop=826x474 | final_ai=826x474 | source_crop=True | ai_resize=False
[2026-07-02 20:39:50] INFO     cv_attendance.cv_engine: [Perf] read=0.5ms | prep=0.0ms | detect=41.1ms | recognition=0.0ms | faces=0 | tracks=0 | active_tracks=0 | known_seen=0 | db_q=0 | log_q=0
[2026-07-02 20:39:53] INFO     cv_attendance.cv_engine: [Perf] read=0.6ms | prep=0.0ms | detect=24.1ms | recognition=0.0ms | faces=0 | tracks=0 | active_tracks=0 | known_seen=0 | db_q=0 | log_q=0
[2026-07-02 20:39:54] INFO     cv_attendance.cv_engine: [AttendanceFramePipeline] original=1920x536 | after_crop=826x474 | final_ai=826x474 | source_crop=True | ai_resize=False
[2026-07-02 20:39:57] INFO     cv_attendance.cv_engine: [Perf] read=0.6ms | prep=0.0ms | detect=23.5ms | recognition=0.0ms | faces=0 | tracks=0 | active_tracks=0 | known_seen=0 | db_q=0 | log_q=0
[2026-07-02 20:39:59] INFO     cv_attendance.cv_engine: [AttendanceFramePipeline] original=1920x536 | after_crop=826x474 | final_ai=826x474 | source_crop=True | ai_resize=False
[2026-07-02 20:40:00] INFO     cv_attendance.cv_engine: [Perf] read=0.8ms | prep=0.0ms | detect=30.9ms | recognition=0.0ms | faces=0 | tracks=0 | active_tracks=0 | known_seen=0 | db_q=0 | log_q=0
[2026-07-02 20:40:03] INFO     cv_attendance.cv_engine: [Perf] read=0.7ms | prep=0.0ms | detect=26.2ms | recognition=0.0ms | faces=0 | tracks=0 | active_tracks=0 | known_seen=0 | db_q=0 | log_q=0
[2026-07-02 20:40:04] INFO     cv_attendance.cv_engine: [AttendanceFramePipeline] original=1920x536 | after_crop=826x474 | final_ai=826x474 | source_crop=True | ai_resize=False
[2026-07-02 20:40:06] INFO     cv_attendance.cv_engine: [Perf] read=0.7ms | prep=0.0ms | detect=25.2ms | recognition=0.0ms | faces=0 | tracks=0 | active_tracks=0 | known_seen=0 | db_q=0 | log_q=0
[2026-07-02 20:40:09] INFO     cv_attendance.cv_engine: [Perf] read=0.7ms | prep=0.0ms | detect=24.3ms | recognition=0.0ms | faces=0 | tracks=0 | active_tracks=0 | known_seen=0 | db_q=0 | log_q=0
[2026-07-02 20:40:09] INFO     cv_attendance.cv_engine: [AttendanceFramePipeline] original=1920x536 | after_crop=826x474 | final_ai=826x474 | source_crop=True | ai_resize=False
[2026-07-02 20:40:12] INFO     cv_attendance.cv_engine: [Perf] read=0.6ms | prep=0.0ms | detect=25.3ms | recognition=0.0ms | faces=0 | tracks=0 | active_tracks=0 | known_seen=0 | db_q=0 | log_q=0
[2026-07-02 20:40:14] INFO     cv_attendance.cv_engine: [AttendanceFramePipeline] original=1920x536 | after_crop=826x474 | final_ai=826x474 | source_crop=True | ai_resize=False
[2026-07-02 20:40:15] INFO     cv_attendance.cv_engine: [Perf] read=0.6ms | prep=0.0ms | detect=24.5ms | recognition=0.0ms | faces=0 | tracks=0 | active_tracks=0 | known_seen=0 | db_q=0 | log_q=0
[2026-07-02 20:40:18] INFO     cv_attendance.cv_engine: [Perf] read=0.6ms | prep=0.0ms | detect=26.3ms | recognition=0.0ms | faces=0 | tracks=0 | active_tracks=0 | known_seen=0 | db_q=0 | log_q=0
[2026-07-02 20:40:19] INFO     cv_attendance.cv_engine: [AttendanceFramePipeline] original=1920x536 | after_crop=826x474 | final_ai=826x474 | source_crop=True | ai_resize=False
[2026-07-02 20:40:21] INFO     cv_attendance.cv_engine: [Perf] read=0.6ms | prep=0.0ms | detect=24.3ms | recognition=0.0ms | faces=0 | tracks=0 | active_tracks=0 | known_seen=0 | db_q=0 | log_q=0
[2026-07-02 20:40:24] INFO     cv_attendance.cv_engine: [Perf] read=0.6ms | prep=0.0ms | detect=24.1ms | recognition=0.0ms | faces=0 | tracks=0 | active_tracks=0 | known_seen=0 | db_q=0 | log_q=0
[2026-07-02 20:40:24] INFO     cv_attendance.cv_engine: [AttendanceFramePipeline] original=1920x536 | after_crop=826x474 | final_ai=826x474 | source_crop=True | ai_resize=False
[2026-07-02 20:40:27] INFO     cv_attendance.cv_engine: [Perf] read=0.5ms | prep=0.0ms | detect=22.7ms | recognition=0.0ms | faces=0 | tracks=0 | active_tracks=0 | known_seen=0 | db_q=0 | log_q=0
[2026-07-02 20:40:29] INFO     cv_attendance.cv_engine: [AttendanceFramePipeline] original=1920x536 | after_crop=826x474 | final_ai=826x474 | source_crop=True | ai_resize=False
[2026-07-02 20:40:30] INFO     cv_attendance.cv_engine: [Perf] read=0.6ms | prep=0.0ms | detect=23.2ms | recognition=0.0ms | faces=0 | tracks=0 | active_tracks=0 | known_seen=0 | db_q=0 | log_q=0
[2026-07-02 20:40:33] INFO     cv_attendance.cv_engine: [Perf] read=0.9ms | prep=0.1ms | detect=23.5ms | recognition=0.0ms | faces=0 | tracks=0 | active_tracks=0 | known_seen=0 | db_q=0 | log_q=0
[2026-07-02 20:40:34] INFO     cv_attendance.cv_engine: [AttendanceFramePipeline] original=1920x536 | after_crop=826x474 | final_ai=826x474 | source_crop=True | ai_resize=False
[2026-07-02 20:40:36] INFO     cv_attendance.cv_engine: [Perf] read=1.1ms | prep=0.0ms | detect=24.2ms | recognition=0.0ms | faces=0 | tracks=0 | active_tracks=0 | known_seen=0 | db_q=0 | log_q=0
[2026-07-02 20:40:39] INFO     cv_attendance.cv_engine: [Perf] read=0.6ms | prep=0.0ms | detect=25.5ms | recognition=0.0ms | faces=0 | tracks=0 | active_tracks=0 | known_seen=0 | db_q=0 | log_q=0
[2026-07-02 20:40:39] INFO     cv_attendance.cv_engine: [AttendanceFramePipeline] original=1920x536 | after_crop=826x474 | final_ai=826x474 | source_crop=True | ai_resize=False
[2026-07-02 20:40:42] INFO     cv_attendance.cv_engine: [Perf] read=0.9ms | prep=0.0ms | detect=25.4ms | recognition=0.0ms | faces=0 | tracks=0 | active_tracks=0 | known_seen=0 | db_q=0 | log_q=0
[2026-07-02 20:40:44] INFO     cv_attendance.cv_engine: [AttendanceFramePipeline] original=1920x536 | after_crop=826x474 | final_ai=826x474 | source_crop=True | ai_resize=False
[2026-07-02 20:40:45] INFO     cv_attendance.cv_engine: [Perf] read=1.0ms | prep=0.0ms | detect=24.8ms | recognition=0.0ms | faces=0 | tracks=0 | active_tracks=0 | known_seen=0 | db_q=0 | log_q=0
[2026-07-02 20:40:48] INFO     cv_attendance.cv_engine: [Perf] read=0.6ms | prep=0.0ms | detect=23.1ms | recognition=0.0ms | faces=0 | tracks=0 | active_tracks=0 | known_seen=0 | db_q=0 | log_q=0
[2026-07-02 20:40:49] INFO     cv_attendance.cv_engine: [AttendanceFramePipeline] original=1920x536 | after_crop=826x474 | final_ai=826x474 | source_crop=True | ai_resize=False
[2026-07-02 20:40:51] INFO     cv_attendance.cv_engine: [Perf] read=0.6ms | prep=0.0ms | detect=23.8ms | recognition=0.0ms | faces=0 | tracks=0 | active_tracks=0 | known_seen=0 | db_q=0 | log_q=0
[2026-07-02 20:40:54] INFO     cv_attendance.cv_engine: [Perf] read=0.6ms | prep=0.0ms | detect=24.1ms | recognition=0.0ms | faces=0 | tracks=0 | active_tracks=0 | known_seen=0 | db_q=0 | log_q=0
[2026-07-02 20:40:54] INFO     cv_attendance.cv_engine: [AttendanceFramePipeline] original=1920x536 | after_crop=826x474 | final_ai=826x474 | source_crop=True | ai_resize=False
[2026-07-02 20:40:57] INFO     cv_attendance.cv_engine: [Perf] read=0.7ms | prep=0.0ms | detect=24.2ms | recognition=0.0ms | faces=0 | tracks=0 | active_tracks=0 | known_seen=0 | db_q=0 | log_q=0
[2026-07-02 20:40:59] INFO     cv_attendance.cv_engine: [AttendanceFramePipeline] original=1920x536 | after_crop=826x474 | final_ai=826x474 | source_crop=True | ai_resize=False
[2026-07-02 20:41:00] INFO     cv_attendance.cv_engine: [Perf] read=0.7ms | prep=0.0ms | detect=24.3ms | recognition=0.0ms | faces=0 | tracks=0 | active_tracks=0 | known_seen=0 | db_q=0 | log_q=0
[2026-07-02 20:41:03] INFO     cv_attendance.cv_engine: [Perf] read=0.8ms | prep=0.2ms | detect=26.1ms | recognition=0.0ms | faces=0 | tracks=0 | active_tracks=0 | known_seen=0 | db_q=0 | log_q=0
[2026-07-02 20:41:04] INFO     cv_attendance.cv_engine: [AttendanceFramePipeline] original=1920x536 | after_crop=826x474 | final_ai=826x474 | source_crop=True | ai_resize=False
[2026-07-02 20:41:06] INFO     cv_attendance.cv_engine: [Perf] read=0.9ms | prep=0.0ms | detect=24.3ms | recognition=0.0ms | faces=0 | tracks=0 | active_tracks=0 | known_seen=0 | db_q=0 | log_q=0
[2026-07-02 20:41:09] INFO     cv_attendance.cv_engine: [Perf] read=0.5ms | prep=0.0ms | detect=24.0ms | recognition=0.0ms | faces=0 | tracks=0 | active_tracks=0 | known_seen=0 | db_q=0 | log_q=0
[2026-07-02 20:41:09] INFO     cv_attendance.cv_engine: [AttendanceFramePipeline] original=1920x536 | after_crop=826x474 | final_ai=826x474 | source_crop=True | ai_resize=False
[2026-07-02 20:41:12] INFO     cv_attendance.cv_engine: [Perf] read=1.1ms | prep=0.0ms | detect=28.1ms | recognition=0.0ms | faces=0 | tracks=0 | active_tracks=0 | known_seen=0 | db_q=0 | log_q=0
[2026-07-02 20:41:14] INFO     cv_attendance.cv_engine: [AttendanceFramePipeline] original=1920x536 | after_crop=826x474 | final_ai=826x474 | source_crop=True | ai_resize=False
[2026-07-02 20:41:15] INFO     cv_attendance.cv_engine: [Perf] read=6.7ms | prep=0.1ms | detect=48.0ms | recognition=0.0ms | faces=0 | tracks=0 | active_tracks=0 | known_seen=0 | db_q=0 | log_q=0
[2026-07-02 20:41:18] INFO     cv_attendance.cv_engine: [Perf] read=0.8ms | prep=0.0ms | detect=25.8ms | recognition=0.0ms | faces=0 | tracks=0 | active_tracks=0 | known_seen=0 | db_q=0 | log_q=0
[2026-07-02 20:41:19] INFO     cv_attendance.cv_engine: [AttendanceFramePipeline] original=1920x536 | after_crop=826x474 | final_ai=826x474 | source_crop=True | ai_resize=False
[2026-07-02 20:41:21] INFO     cv_attendance.cv_engine: [Perf] read=0.6ms | prep=0.0ms | detect=28.5ms | recognition=0.0ms | faces=0 | tracks=0 | active_tracks=0 | known_seen=0 | db_q=0 | log_q=0
[2026-07-02 20:41:24] INFO     cv_attendance.cv_engine: [Perf] read=0.7ms | prep=0.0ms | detect=27.5ms | recognition=0.0ms | faces=0 | tracks=0 | active_tracks=0 | known_seen=0 | db_q=0 | log_q=0
[2026-07-02 20:41:24] INFO     cv_attendance.cv_engine: [AttendanceFramePipeline] original=1920x536 | after_crop=826x474 | final_ai=826x474 | source_crop=True | ai_resize=False
[2026-07-02 20:41:27] INFO     cv_attendance.cv_engine: [Perf] read=1.1ms | prep=0.0ms | detect=36.0ms | recognition=0.0ms | faces=0 | tracks=0 | active_tracks=0 | known_seen=0 | db_q=0 | log_q=0
[2026-07-02 20:41:29] INFO     cv_attendance.cv_engine: [AttendanceFramePipeline] original=1920x536 | after_crop=826x474 | final_ai=826x474 | source_crop=True | ai_resize=False
[2026-07-02 20:41:30] INFO     cv_attendance.cv_engine: [Perf] read=0.7ms | prep=0.0ms | detect=28.3ms | recognition=0.0ms | faces=0 | tracks=0 | active_tracks=0 | known_seen=0 | db_q=0 | log_q=0
[2026-07-02 20:41:33] INFO     cv_attendance.cv_engine: [Perf] read=0.8ms | prep=0.0ms | detect=27.5ms | recognition=0.0ms | faces=0 | tracks=0 | active_tracks=0 | known_seen=0 | db_q=0 | log_q=0
[2026-07-02 20:41:34] INFO     cv_attendance.cv_engine: [AttendanceFramePipeline] original=1920x536 | after_crop=826x474 | final_ai=826x474 | source_crop=True | ai_resize=False
[2026-07-02 20:41:36] INFO     cv_attendance.cv_engine: [Perf] read=0.6ms | prep=0.0ms | detect=24.6ms | recognition=0.0ms | faces=0 | tracks=0 | active_tracks=0 | known_seen=0 | db_q=0 | log_q=0
[2026-07-02 20:41:39] INFO     cv_attendance.cv_engine: [Perf] read=1.3ms | prep=0.1ms | detect=27.3ms | recognition=0.0ms | faces=0 | tracks=0 | active_tracks=0 | known_seen=0 | db_q=0 | log_q=0
[2026-07-02 20:41:39] INFO     cv_attendance.cv_engine: [AttendanceFramePipeline] original=1920x536 | after_crop=826x474 | final_ai=826x474 | source_crop=True | ai_resize=False
[2026-07-02 20:41:42] INFO     cv_attendance.cv_engine: [Perf] read=0.7ms | prep=0.0ms | detect=23.6ms | recognition=0.0ms | faces=0 | tracks=0 | active_tracks=0 | known_seen=0 | db_q=0 | log_q=0
[2026-07-02 20:41:44] INFO     cv_attendance.cv_engine: [AttendanceFramePipeline] original=1920x536 | after_crop=826x474 | final_ai=826x474 | source_crop=True | ai_resize=False
[2026-07-02 20:41:45] INFO     cv_attendance.cv_engine: [Perf] read=1.1ms | prep=0.0ms | detect=19.2ms | recognition=0.0ms | faces=0 | tracks=0 | active_tracks=0 | known_seen=0 | db_q=0 | log_q=0
[2026-07-02 20:41:48] INFO     cv_attendance.cv_engine: [Perf] read=0.4ms | prep=0.0ms | detect=22.5ms | recognition=0.0ms | faces=0 | tracks=0 | active_tracks=0 | known_seen=0 | db_q=0 | log_q=0
[2026-07-02 20:41:55] INFO     cv_attendance.cv_engine: [Perf] read=0.6ms | prep=0.0ms | detect=22.7ms | recognition=6504.7ms | faces=1 | tracks=1 | active_tracks=1 | known_seen=0 | db_q=0 | log_q=1
[2026-07-02 20:41:55] INFO     cv_attendance.cv_engine: [AttendanceFramePipeline] original=1920x536 | after_crop=826x474 | final_ai=826x474 | source_crop=True | ai_resize=False
[2026-07-02 20:41:58] INFO     cv_attendance.cv_engine: [Perf] read=0.5ms | prep=0.0ms | detect=20.6ms | recognition=0.0ms | faces=0 | tracks=0 | active_tracks=0 | known_seen=0 | db_q=0 | log_q=0
[2026-07-02 20:42:00] INFO     cv_attendance.cv_engine: [AttendanceFramePipeline] original=1920x536 | after_crop=826x474 | final_ai=826x474 | source_crop=True | ai_resize=False
[2026-07-02 20:42:01] INFO     cv_attendance.cv_engine: [Perf] read=0.4ms | prep=0.0ms | detect=20.0ms | recognition=0.0ms | faces=0 | tracks=0 | active_tracks=0 | known_seen=0 | db_q=0 | log_q=0
[2026-07-02 20:42:04] INFO     cv_attendance.cv_engine: [Perf] read=0.7ms | prep=0.0ms | detect=25.4ms | recognition=0.0ms | faces=1 | tracks=1 | active_tracks=1 | known_seen=0 | db_q=0 | log_q=0
[2026-07-02 20:42:05] INFO     cv_attendance.cv_engine: [AttendanceFramePipeline] original=1920x536 | after_crop=826x474 | final_ai=826x474 | source_crop=True | ai_resize=False
[2026-07-02 20:42:07] INFO     cv_attendance.cv_engine: [Perf] read=0.9ms | prep=0.0ms | detect=32.2ms | recognition=0.0ms | faces=1 | tracks=1 | active_tracks=1 | known_seen=0 | db_q=0 | log_q=0
[2026-07-02 20:42:10] INFO     cv_attendance.cv_engine: [AttendanceFramePipeline] original=1920x536 | after_crop=826x474 | final_ai=826x474 | source_crop=True | ai_resize=False
[2026-07-02 20:42:10] INFO     cv_attendance.cv_engine: [Perf] read=0.7ms | prep=1.1ms | detect=30.6ms | recognition=0.0ms | faces=0 | tracks=0 | active_tracks=0 | known_seen=0 | db_q=0 | log_q=0
[2026-07-02 20:42:13] INFO     cv_attendance.cv_engine: [Perf] read=0.4ms | prep=0.0ms | detect=21.3ms | recognition=0.0ms | faces=0 | tracks=0 | active_tracks=0 | known_seen=0 | db_q=0 | log_q=0
[2026-07-02 20:42:15] INFO     cv_attendance.cv_engine: [AttendanceFramePipeline] original=1920x536 | after_crop=826x474 | final_ai=826x474 | source_crop=True | ai_resize=False
[2026-07-02 20:42:16] INFO     cv_attendance.cv_engine: [Perf] read=0.8ms | prep=0.0ms | detect=20.9ms | recognition=0.0ms | faces=0 | tracks=0 | active_tracks=0 | known_seen=0 | db_q=0 | log_q=0
[2026-07-02 20:42:19] INFO     cv_attendance.cv_engine: [Perf] read=1.1ms | prep=0.0ms | detect=25.7ms | recognition=0.0ms | faces=0 | tracks=0 | active_tracks=0 | known_seen=0 | db_q=0 | log_q=0
[2026-07-02 20:42:20] INFO     cv_attendance.cv_engine: [AttendanceFramePipeline] original=1920x536 | after_crop=826x474 | final_ai=826x474 | source_crop=True | ai_resize=False
[2026-07-02 20:42:22] INFO     cv_attendance.cv_engine: [Perf] read=0.6ms | prep=0.0ms | detect=24.0ms | recognition=0.0ms | faces=0 | tracks=0 | active_tracks=0 | known_seen=0 | db_q=0 | log_q=0
[2026-07-02 20:42:25] INFO     cv_attendance.cv_engine: [AttendanceFramePipeline] original=1920x536 | after_crop=826x474 | final_ai=826x474 | source_crop=True | ai_resize=False
[2026-07-02 20:42:25] INFO     cv_attendance.cv_engine: [Perf] read=0.9ms | prep=0.0ms | detect=31.2ms | recognition=0.0ms | faces=0 | tracks=0 | active_tracks=0 | known_seen=0 | db_q=0 | log_q=0
[2026-07-02 20:42:26] INFO     cv_attendance.cv_engine: [CameraThread] Selesai.
[2026-07-02 20:42:26] INFO     cv_attendance.cv_engine: [DBWriter] Selesai.
[2026-07-02 20:42:26] INFO     cv_attendance.cv_engine: [SessionManager] WorshipSession 29 ditutup
[2026-07-02 20:42:26] INFO     cv_attendance.cv_engine: [SessionManager] Sesi 'Ibadah Raya Sabat' dihentikan.
[2026-07-02 21:14:52] INFO     cv_attendance.vision.face_detector: Loading InsightFace model 'buffalo_l'...
[2026-07-02 21:16:22] INFO     cv_attendance.vision.face_detector: PyTorch CUDA check: torch=2.5.1+cu121, cuda=12.1, cuda_available=True, gpu=NVIDIA GeForce RTX 3050 6GB Laptop GPU
[2026-07-02 21:16:24] INFO     cv_attendance.vision.face_detector: PyTorch CUDA warm-up berhasil.
[2026-07-02 21:16:24] INFO     cv_attendance.vision.face_detector: ONNX Runtime preload_dlls tidak tersedia pada versi ini. Lanjut pakai PyTorch CUDA preload.
[2026-07-02 21:16:24] INFO     cv_attendance.vision.face_detector: ONNX Runtime available providers: ['TensorrtExecutionProvider', 'CUDAExecutionProvider', 'CPUExecutionProvider']
[2026-07-02 21:16:24] INFO     cv_attendance.vision.face_detector: InsightFace requested providers: [('CUDAExecutionProvider', {'device_id': 0, 'arena_extend_strategy': 'kNextPowerOfTwo', 'cudnn_conv_algo_search': 'EXHAUSTIVE', 'do_copy_in_default_stream': True}), 'CPUExecutionProvider']
[2026-07-02 21:16:34] INFO     cv_attendance.vision.face_detector: InsightFace real active providers: ['CPUExecutionProvider', 'CUDAExecutionProvider']
[2026-07-02 21:16:34] INFO     cv_attendance.vision.face_detector: InsightFace model benar-benar aktif dengan GPU CUDA. GPU_DEVICE_ID=0, det_size=(832, 512)
[2026-07-02 21:16:34] INFO     cv_attendance.vision.face_matcher: FaceMatcher: 85 embedding dimuat dengan matrix matching.
[2026-07-02 21:16:34] INFO     cv_attendance.cv_engine: [SessionManager] WorshipSession dibuat: id=30 | 'Ibadah Raya Sabat'
[2026-07-02 21:16:35] INFO     cv_attendance.cv_engine: [SessionManager] Pre-populated 12 attendance rows untuk session_id=30
[2026-07-02 21:16:38] INFO     cv_attendance.cv_engine: [CameraThread] Dimulai.
[2026-07-02 21:16:38] INFO     cv_attendance.cv_engine: [DBWriter] Dimulai.
[2026-07-02 21:16:38] INFO     cv_attendance.cv_engine: [SessionManager] Sesi 'Ibadah Raya Sabat' dimulai. session_id=30 | 85 embedding dimuat.
[2026-07-02 21:16:38] INFO     cv_attendance.cv_engine: [AttendanceFramePipeline] original=1920x536 | after_crop=826x500 | final_ai=826x500 | source_crop=True | ai_resize=False
[2026-07-02 21:16:40] INFO     cv_attendance.cv_engine: [Perf] read=2.6ms | prep=2.8ms | detect=1963.8ms | recognition=0.0ms | faces=0 | tracks=0 | active_tracks=0 | known_seen=0 | db_q=0 | log_q=0
[2026-07-02 21:16:43] INFO     cv_attendance.cv_engine: [Perf] read=0.6ms | prep=0.0ms | detect=25.6ms | recognition=0.0ms | faces=0 | tracks=0 | active_tracks=0 | known_seen=0 | db_q=0 | log_q=0
[2026-07-02 21:16:43] INFO     cv_attendance.cv_engine: [AttendanceFramePipeline] original=1920x536 | after_crop=826x500 | final_ai=826x500 | source_crop=True | ai_resize=False
[2026-07-02 21:16:46] INFO     cv_attendance.cv_engine: [Perf] read=0.5ms | prep=0.0ms | detect=25.0ms | recognition=0.0ms | faces=0 | tracks=0 | active_tracks=0 | known_seen=0 | db_q=0 | log_q=0
[2026-07-02 21:16:48] INFO     cv_attendance.cv_engine: [AttendanceFramePipeline] original=1920x536 | after_crop=826x500 | final_ai=826x500 | source_crop=True | ai_resize=False
[2026-07-02 21:16:49] INFO     cv_attendance.cv_engine: [Perf] read=0.6ms | prep=0.0ms | detect=24.7ms | recognition=0.0ms | faces=0 | tracks=0 | active_tracks=0 | known_seen=0 | db_q=0 | log_q=0
[2026-07-02 21:16:52] INFO     cv_attendance.cv_engine: [Perf] read=1.0ms | prep=0.0ms | detect=30.1ms | recognition=0.0ms | faces=0 | tracks=0 | active_tracks=0 | known_seen=0 | db_q=0 | log_q=0
[2026-07-02 21:17:03] INFO     cv_attendance.cv_engine: [Perf] read=0.6ms | prep=0.0ms | detect=26.1ms | recognition=9369.0ms | faces=1 | tracks=1 | active_tracks=1 | known_seen=0 | db_q=1 | log_q=1
[2026-07-02 21:17:03] INFO     cv_attendance.cv_engine: [AttendanceFramePipeline] original=1920x536 | after_crop=826x500 | final_ai=826x500 | source_crop=True | ai_resize=False
[2026-07-02 21:17:06] INFO     cv_attendance.cv_engine: [Perf] read=0.6ms | prep=0.0ms | detect=36.7ms | recognition=0.0ms | faces=1 | tracks=1 | active_tracks=1 | known_seen=0 | db_q=0 | log_q=0
[2026-07-02 21:17:08] INFO     cv_attendance.cv_engine: [AttendanceFramePipeline] original=1920x536 | after_crop=826x500 | final_ai=826x500 | source_crop=True | ai_resize=False
[2026-07-02 21:17:09] INFO     cv_attendance.cv_engine: [Perf] read=1.3ms | prep=0.0ms | detect=30.0ms | recognition=0.0ms | faces=1 | tracks=1 | active_tracks=1 | known_seen=0 | db_q=0 | log_q=0
[2026-07-02 21:17:12] INFO     cv_attendance.cv_engine: [Perf] read=0.7ms | prep=0.0ms | detect=26.2ms | recognition=0.0ms | faces=1 | tracks=1 | active_tracks=1 | known_seen=0 | db_q=0 | log_q=0
[2026-07-02 21:17:13] INFO     cv_attendance.cv_engine: [AttendanceFramePipeline] original=1920x536 | after_crop=826x500 | final_ai=826x500 | source_crop=True | ai_resize=False
[2026-07-02 21:17:15] INFO     cv_attendance.cv_engine: [Perf] read=0.8ms | prep=0.0ms | detect=31.0ms | recognition=0.0ms | faces=1 | tracks=1 | active_tracks=1 | known_seen=0 | db_q=0 | log_q=0
[2026-07-02 21:17:18] INFO     cv_attendance.cv_engine: [AttendanceFramePipeline] original=1920x536 | after_crop=826x500 | final_ai=826x500 | source_crop=True | ai_resize=False
[2026-07-02 21:17:18] INFO     cv_attendance.cv_engine: [Perf] read=0.7ms | prep=0.0ms | detect=27.5ms | recognition=0.0ms | faces=0 | tracks=0 | active_tracks=0 | known_seen=0 | db_q=0 | log_q=0
[2026-07-02 21:17:21] INFO     cv_attendance.cv_engine: [Perf] read=0.7ms | prep=0.0ms | detect=26.7ms | recognition=0.0ms | faces=0 | tracks=0 | active_tracks=0 | known_seen=0 | db_q=0 | log_q=0
[2026-07-02 21:17:23] INFO     cv_attendance.cv_engine: [AttendanceFramePipeline] original=1920x536 | after_crop=826x500 | final_ai=826x500 | source_crop=True | ai_resize=False
[2026-07-02 21:17:24] INFO     cv_attendance.cv_engine: [Perf] read=0.9ms | prep=0.0ms | detect=37.8ms | recognition=0.0ms | faces=0 | tracks=0 | active_tracks=0 | known_seen=0 | db_q=0 | log_q=0
[2026-07-02 21:17:27] INFO     cv_attendance.cv_engine: [Perf] read=0.8ms | prep=0.0ms | detect=43.6ms | recognition=0.0ms | faces=0 | tracks=0 | active_tracks=0 | known_seen=0 | db_q=0 | log_q=0
[2026-07-02 21:17:28] INFO     cv_attendance.cv_engine: [AttendanceFramePipeline] original=1920x536 | after_crop=826x500 | final_ai=826x500 | source_crop=True | ai_resize=False
[2026-07-02 21:17:30] INFO     cv_attendance.cv_engine: [Perf] read=0.6ms | prep=0.0ms | detect=28.5ms | recognition=0.0ms | faces=0 | tracks=0 | active_tracks=0 | known_seen=0 | db_q=0 | log_q=0
[2026-07-02 21:17:33] INFO     cv_attendance.cv_engine: [AttendanceFramePipeline] original=1920x536 | after_crop=826x500 | final_ai=826x500 | source_crop=True | ai_resize=False
[2026-07-02 21:17:33] INFO     cv_attendance.cv_engine: [Perf] read=0.9ms | prep=0.0ms | detect=37.2ms | recognition=0.0ms | faces=0 | tracks=0 | active_tracks=0 | known_seen=0 | db_q=0 | log_q=0
[2026-07-02 21:17:36] INFO     cv_attendance.cv_engine: [Perf] read=0.4ms | prep=0.0ms | detect=21.4ms | recognition=0.0ms | faces=0 | tracks=0 | active_tracks=0 | known_seen=0 | db_q=0 | log_q=0
[2026-07-02 21:17:38] INFO     cv_attendance.cv_engine: [AttendanceFramePipeline] original=1920x536 | after_crop=826x500 | final_ai=826x500 | source_crop=True | ai_resize=False
[2026-07-02 21:17:39] INFO     cv_attendance.cv_engine: [Perf] read=0.5ms | prep=0.0ms | detect=20.8ms | recognition=0.0ms | faces=0 | tracks=0 | active_tracks=0 | known_seen=0 | db_q=0 | log_q=0
[2026-07-02 21:17:42] INFO     cv_attendance.cv_engine: [Perf] read=0.6ms | prep=0.0ms | detect=25.3ms | recognition=0.0ms | faces=0 | tracks=0 | active_tracks=0 | known_seen=0 | db_q=0 | log_q=0
[2026-07-02 21:17:43] INFO     cv_attendance.cv_engine: [AttendanceFramePipeline] original=1920x536 | after_crop=826x500 | final_ai=826x500 | source_crop=True | ai_resize=False
[2026-07-02 21:17:45] INFO     cv_attendance.cv_engine: [Perf] read=0.6ms | prep=0.0ms | detect=24.0ms | recognition=0.0ms | faces=1 | tracks=1 | active_tracks=1 | known_seen=0 | db_q=0 | log_q=0
[2026-07-02 21:17:45] INFO     cv_attendance.cv_engine: [DBWriter] KNOWN check-in: member_id=5 | timeline_id=7367 | session_id=30
[2026-07-02 21:17:48] INFO     cv_attendance.cv_engine: [AttendanceFramePipeline] original=1920x536 | after_crop=826x500 | final_ai=826x500 | source_crop=True | ai_resize=False
[2026-07-02 21:17:48] INFO     cv_attendance.cv_engine: [Perf] read=0.4ms | prep=0.0ms | detect=21.4ms | recognition=0.0ms | faces=1 | tracks=1 | active_tracks=1 | known_seen=1 | db_q=0 | log_q=0
[2026-07-02 21:17:51] INFO     cv_attendance.cv_engine: [Perf] read=0.4ms | prep=0.0ms | detect=21.6ms | recognition=0.0ms | faces=0 | tracks=0 | active_tracks=0 | known_seen=1 | db_q=0 | log_q=0
[2026-07-02 21:17:53] INFO     cv_attendance.cv_engine: [AttendanceFramePipeline] original=1920x536 | after_crop=826x500 | final_ai=826x500 | source_crop=True | ai_resize=False
[2026-07-02 21:17:54] INFO     cv_attendance.cv_engine: [Perf] read=0.5ms | prep=0.0ms | detect=24.3ms | recognition=0.0ms | faces=1 | tracks=1 | active_tracks=1 | known_seen=1 | db_q=0 | log_q=0
[2026-07-02 21:17:57] INFO     cv_attendance.cv_engine: [Perf] read=0.4ms | prep=0.0ms | detect=21.7ms | recognition=0.0ms | faces=1 | tracks=1 | active_tracks=1 | known_seen=1 | db_q=0 | log_q=0
[2026-07-02 21:17:58] INFO     cv_attendance.cv_engine: [AttendanceFramePipeline] original=1920x536 | after_crop=826x500 | final_ai=826x500 | source_crop=True | ai_resize=False
[2026-07-02 21:18:00] INFO     cv_attendance.cv_engine: [Perf] read=0.6ms | prep=0.0ms | detect=22.3ms | recognition=0.0ms | faces=1 | tracks=1 | active_tracks=1 | known_seen=1 | db_q=0 | log_q=1
[2026-07-02 21:18:03] INFO     cv_attendance.cv_engine: [AttendanceFramePipeline] original=1920x536 | after_crop=826x500 | final_ai=826x500 | source_crop=True | ai_resize=False
[2026-07-02 21:18:03] INFO     cv_attendance.cv_engine: [Perf] read=0.4ms | prep=0.0ms | detect=21.3ms | recognition=0.0ms | faces=1 | tracks=1 | active_tracks=1 | known_seen=1 | db_q=0 | log_q=1
[2026-07-02 21:18:06] INFO     cv_attendance.cv_engine: [Perf] read=0.4ms | prep=0.0ms | detect=22.9ms | recognition=0.0ms | faces=1 | tracks=1 | active_tracks=1 | known_seen=1 | db_q=0 | log_q=1
[2026-07-02 21:18:08] INFO     cv_attendance.cv_engine: [AttendanceFramePipeline] original=1920x536 | after_crop=826x500 | final_ai=826x500 | source_crop=True | ai_resize=False
[2026-07-02 21:18:09] INFO     cv_attendance.cv_engine: [Perf] read=0.5ms | prep=0.0ms | detect=22.0ms | recognition=0.0ms | faces=0 | tracks=0 | active_tracks=1 | known_seen=1 | db_q=0 | log_q=0
[2026-07-02 21:18:12] INFO     cv_attendance.cv_engine: [Perf] read=0.4ms | prep=0.0ms | detect=21.8ms | recognition=0.0ms | faces=0 | tracks=0 | active_tracks=0 | known_seen=1 | db_q=0 | log_q=0
[2026-07-02 21:18:13] INFO     cv_attendance.cv_engine: [AttendanceFramePipeline] original=1920x536 | after_crop=826x500 | final_ai=826x500 | source_crop=True | ai_resize=False
[2026-07-02 21:18:15] INFO     cv_attendance.cv_engine: [Perf] read=0.4ms | prep=0.0ms | detect=19.7ms | recognition=0.0ms | faces=0 | tracks=0 | active_tracks=0 | known_seen=1 | db_q=0 | log_q=0
[2026-07-02 21:18:18] INFO     cv_attendance.cv_engine: [AttendanceFramePipeline] original=1920x536 | after_crop=826x500 | final_ai=826x500 | source_crop=True | ai_resize=False
[2026-07-02 21:18:18] INFO     cv_attendance.cv_engine: [Perf] read=0.6ms | prep=0.0ms | detect=33.4ms | recognition=0.0ms | faces=0 | tracks=0 | active_tracks=0 | known_seen=1 | db_q=0 | log_q=0
[2026-07-02 21:18:21] INFO     cv_attendance.cv_engine: [Perf] read=1.6ms | prep=0.0ms | detect=30.9ms | recognition=0.0ms | faces=0 | tracks=0 | active_tracks=0 | known_seen=1 | db_q=0 | log_q=0
[2026-07-02 21:18:23] INFO     cv_attendance.cv_engine: [AttendanceFramePipeline] original=1920x536 | after_crop=826x500 | final_ai=826x500 | source_crop=True | ai_resize=False
[2026-07-02 21:18:24] INFO     cv_attendance.cv_engine: [Perf] read=0.5ms | prep=0.0ms | detect=34.9ms | recognition=0.0ms | faces=0 | tracks=0 | active_tracks=0 | known_seen=1 | db_q=0 | log_q=0
[2026-07-02 21:18:26] INFO     cv_attendance.cv_engine: [CameraThread] Selesai.
[2026-07-02 21:18:26] INFO     cv_attendance.cv_engine: [DBWriter] Selesai.
[2026-07-02 21:18:27] INFO     cv_attendance.cv_engine: [SessionManager] WorshipSession 30 ditutup
[2026-07-02 21:18:27] INFO     cv_attendance.cv_engine: [SessionManager] Sesi 'Ibadah Raya Sabat' dihentikan.
[2026-07-02 21:20:24] INFO     cv_attendance.vision.face_matcher: FaceMatcher: 85 embedding dimuat dengan matrix matching.
[2026-07-02 21:20:24] INFO     cv_attendance.cv_engine: [SessionManager] WorshipSession dibuat: id=31 | 'Ibadah Raya Sabat'
[2026-07-02 21:20:25] INFO     cv_attendance.cv_engine: [SessionManager] Pre-populated 12 attendance rows untuk session_id=31
[2026-07-02 21:20:28] INFO     cv_attendance.cv_engine: [CameraThread] Dimulai.
[2026-07-02 21:20:28] INFO     cv_attendance.cv_engine: [DBWriter] Dimulai.
[2026-07-02 21:20:28] INFO     cv_attendance.cv_engine: [SessionManager] Sesi 'Ibadah Raya Sabat' dimulai. session_id=31 | 85 embedding dimuat.
[2026-07-02 21:20:28] INFO     cv_attendance.cv_engine: [AttendanceFramePipeline] original=1920x536 | after_crop=826x500 | final_ai=826x500 | source_crop=True | ai_resize=False
[2026-07-02 21:20:28] INFO     cv_attendance.cv_engine: [Perf] read=2.1ms | prep=30.2ms | detect=313.8ms | recognition=0.0ms | faces=0 | tracks=0 | active_tracks=0 | known_seen=0 | db_q=0 | log_q=0
[2026-07-02 21:20:31] INFO     cv_attendance.cv_engine: [Perf] read=0.5ms | prep=0.0ms | detect=26.4ms | recognition=0.0ms | faces=0 | tracks=0 | active_tracks=0 | known_seen=0 | db_q=0 | log_q=0
[2026-07-02 21:20:33] INFO     cv_attendance.cv_engine: [AttendanceFramePipeline] original=1920x536 | after_crop=826x500 | final_ai=826x500 | source_crop=True | ai_resize=False
[2026-07-02 21:20:34] INFO     cv_attendance.cv_engine: [Perf] read=0.7ms | prep=0.0ms | detect=32.7ms | recognition=0.0ms | faces=0 | tracks=0 | active_tracks=0 | known_seen=0 | db_q=0 | log_q=0
[2026-07-02 21:20:37] INFO     cv_attendance.cv_engine: [Perf] read=0.7ms | prep=0.0ms | detect=20.8ms | recognition=0.0ms | faces=0 | tracks=0 | active_tracks=0 | known_seen=0 | db_q=0 | log_q=0
[2026-07-02 21:20:38] INFO     cv_attendance.cv_engine: [AttendanceFramePipeline] original=1920x536 | after_crop=826x500 | final_ai=826x500 | source_crop=True | ai_resize=False
[2026-07-02 21:20:40] INFO     cv_attendance.cv_engine: [Perf] read=0.7ms | prep=0.0ms | detect=29.3ms | recognition=0.0ms | faces=0 | tracks=0 | active_tracks=0 | known_seen=0 | db_q=0 | log_q=0
[2026-07-02 21:20:43] INFO     cv_attendance.cv_engine: [AttendanceFramePipeline] original=1920x536 | after_crop=826x500 | final_ai=826x500 | source_crop=True | ai_resize=False
[2026-07-02 21:20:43] INFO     cv_attendance.cv_engine: [Perf] read=0.9ms | prep=0.0ms | detect=22.1ms | recognition=0.0ms | faces=0 | tracks=0 | active_tracks=0 | known_seen=0 | db_q=0 | log_q=0
[2026-07-02 21:20:46] INFO     cv_attendance.cv_engine: [Perf] read=0.5ms | prep=0.0ms | detect=23.8ms | recognition=0.0ms | faces=0 | tracks=0 | active_tracks=0 | known_seen=0 | db_q=0 | log_q=0
[2026-07-02 21:20:48] INFO     cv_attendance.cv_engine: [AttendanceFramePipeline] original=1920x536 | after_crop=826x500 | final_ai=826x500 | source_crop=True | ai_resize=False
[2026-07-02 21:20:49] INFO     cv_attendance.cv_engine: [Perf] read=0.5ms | prep=0.0ms | detect=24.8ms | recognition=0.0ms | faces=0 | tracks=0 | active_tracks=0 | known_seen=0 | db_q=0 | log_q=0
[2026-07-02 21:20:52] INFO     cv_attendance.cv_engine: [DBWriter] KNOWN check-in: member_id=5 | timeline_id=7372 | session_id=31
[2026-07-02 21:20:52] INFO     cv_attendance.cv_engine: [Perf] read=0.6ms | prep=0.0ms | detect=22.3ms | recognition=0.0ms | faces=1 | tracks=1 | active_tracks=1 | known_seen=1 | db_q=0 | log_q=2
[2026-07-02 21:20:53] INFO     cv_attendance.cv_engine: [AttendanceFramePipeline] original=1920x536 | after_crop=826x500 | final_ai=826x500 | source_crop=True | ai_resize=False
[2026-07-02 21:20:55] INFO     cv_attendance.cv_engine: [Perf] read=0.5ms | prep=0.0ms | detect=19.9ms | recognition=0.0ms | faces=0 | tracks=0 | active_tracks=1 | known_seen=1 | db_q=0 | log_q=2
[2026-07-02 21:20:58] INFO     cv_attendance.cv_engine: [AttendanceFramePipeline] original=1920x536 | after_crop=826x500 | final_ai=826x500 | source_crop=True | ai_resize=False
[2026-07-02 21:20:58] INFO     cv_attendance.cv_engine: [Perf] read=0.5ms | prep=0.0ms | detect=24.8ms | recognition=0.0ms | faces=1 | tracks=1 | active_tracks=1 | known_seen=1 | db_q=0 | log_q=1
[2026-07-02 21:21:01] INFO     cv_attendance.cv_engine: [Perf] read=0.4ms | prep=0.0ms | detect=20.8ms | recognition=0.0ms | faces=1 | tracks=1 | active_tracks=1 | known_seen=1 | db_q=0 | log_q=1
[2026-07-02 21:21:03] INFO     cv_attendance.cv_engine: [AttendanceFramePipeline] original=1920x536 | after_crop=826x500 | final_ai=826x500 | source_crop=True | ai_resize=False
[2026-07-02 21:21:04] INFO     cv_attendance.cv_engine: [Perf] read=0.5ms | prep=0.0ms | detect=23.9ms | recognition=0.0ms | faces=1 | tracks=1 | active_tracks=1 | known_seen=1 | db_q=0 | log_q=1
[2026-07-02 21:21:07] INFO     cv_attendance.cv_engine: [Perf] read=0.4ms | prep=0.0ms | detect=23.2ms | recognition=0.0ms | faces=0 | tracks=0 | active_tracks=1 | known_seen=1 | db_q=0 | log_q=1
[2026-07-02 21:21:08] INFO     cv_attendance.cv_engine: [AttendanceFramePipeline] original=1920x536 | after_crop=826x500 | final_ai=826x500 | source_crop=True | ai_resize=False
[2026-07-02 21:21:10] INFO     cv_attendance.cv_engine: [Perf] read=0.6ms | prep=0.0ms | detect=21.7ms | recognition=0.0ms | faces=0 | tracks=0 | active_tracks=0 | known_seen=1 | db_q=0 | log_q=0
[2026-07-02 21:21:13] INFO     cv_attendance.cv_engine: [AttendanceFramePipeline] original=1920x536 | after_crop=826x500 | final_ai=826x500 | source_crop=True | ai_resize=False
[2026-07-02 21:21:13] INFO     cv_attendance.cv_engine: [Perf] read=0.4ms | prep=0.0ms | detect=20.9ms | recognition=0.0ms | faces=0 | tracks=0 | active_tracks=0 | known_seen=1 | db_q=0 | log_q=0
[2026-07-02 21:21:16] INFO     cv_attendance.cv_engine: [Perf] read=0.6ms | prep=0.0ms | detect=21.8ms | recognition=0.0ms | faces=0 | tracks=0 | active_tracks=0 | known_seen=1 | db_q=0 | log_q=0
[2026-07-02 21:21:18] INFO     cv_attendance.cv_engine: [AttendanceFramePipeline] original=1920x536 | after_crop=826x500 | final_ai=826x500 | source_crop=True | ai_resize=False
[2026-07-02 21:21:19] INFO     cv_attendance.cv_engine: [Perf] read=0.5ms | prep=0.0ms | detect=24.3ms | recognition=0.0ms | faces=0 | tracks=0 | active_tracks=0 | known_seen=1 | db_q=0 | log_q=0
[2026-07-02 21:21:22] INFO     cv_attendance.cv_engine: [Perf] read=0.9ms | prep=0.0ms | detect=29.8ms | recognition=0.0ms | faces=0 | tracks=0 | active_tracks=0 | known_seen=1 | db_q=0 | log_q=0
[2026-07-02 21:21:23] INFO     cv_attendance.cv_engine: [AttendanceFramePipeline] original=1920x536 | after_crop=826x500 | final_ai=826x500 | source_crop=True | ai_resize=False
[2026-07-02 21:21:25] INFO     cv_attendance.cv_engine: [Perf] read=0.7ms | prep=0.0ms | detect=25.5ms | recognition=0.0ms | faces=0 | tracks=0 | active_tracks=0 | known_seen=1 | db_q=0 | log_q=0
[2026-07-02 21:21:28] INFO     cv_attendance.cv_engine: [AttendanceFramePipeline] original=1920x536 | after_crop=826x500 | final_ai=826x500 | source_crop=True | ai_resize=False
[2026-07-02 21:21:28] INFO     cv_attendance.cv_engine: [Perf] read=0.7ms | prep=0.2ms | detect=26.1ms | recognition=0.0ms | faces=0 | tracks=0 | active_tracks=0 | known_seen=1 | db_q=0 | log_q=0
[2026-07-02 21:21:31] INFO     cv_attendance.cv_engine: [Perf] read=0.6ms | prep=0.0ms | detect=25.5ms | recognition=0.0ms | faces=0 | tracks=0 | active_tracks=0 | known_seen=1 | db_q=0 | log_q=0
[2026-07-02 21:21:33] INFO     cv_attendance.cv_engine: [AttendanceFramePipeline] original=1920x536 | after_crop=826x500 | final_ai=826x500 | source_crop=True | ai_resize=False
[2026-07-02 21:21:34] INFO     cv_attendance.cv_engine: [Perf] read=0.9ms | prep=0.0ms | detect=24.5ms | recognition=0.0ms | faces=0 | tracks=0 | active_tracks=0 | known_seen=1 | db_q=0 | log_q=0
[2026-07-02 21:21:37] INFO     cv_attendance.cv_engine: [Perf] read=0.7ms | prep=0.0ms | detect=25.5ms | recognition=0.0ms | faces=0 | tracks=0 | active_tracks=0 | known_seen=1 | db_q=0 | log_q=0
[2026-07-02 21:21:38] INFO     cv_attendance.cv_engine: [AttendanceFramePipeline] original=1920x536 | after_crop=826x500 | final_ai=826x500 | source_crop=True | ai_resize=False
[2026-07-02 21:21:40] INFO     cv_attendance.cv_engine: [Perf] read=0.7ms | prep=0.0ms | detect=27.6ms | recognition=0.0ms | faces=0 | tracks=0 | active_tracks=0 | known_seen=1 | db_q=0 | log_q=0
[2026-07-02 21:21:43] INFO     cv_attendance.cv_engine: [AttendanceFramePipeline] original=1920x536 | after_crop=826x500 | final_ai=826x500 | source_crop=True | ai_resize=False
[2026-07-02 21:21:43] INFO     cv_attendance.cv_engine: [Perf] read=0.8ms | prep=0.0ms | detect=26.6ms | recognition=0.0ms | faces=0 | tracks=0 | active_tracks=0 | known_seen=1 | db_q=0 | log_q=0
[2026-07-02 21:21:46] INFO     cv_attendance.cv_engine: [Perf] read=0.6ms | prep=0.0ms | detect=27.5ms | recognition=0.0ms | faces=0 | tracks=0 | active_tracks=0 | known_seen=1 | db_q=0 | log_q=0
[2026-07-02 21:21:48] INFO     cv_attendance.cv_engine: [AttendanceFramePipeline] original=1920x536 | after_crop=826x500 | final_ai=826x500 | source_crop=True | ai_resize=False
[2026-07-02 21:21:49] INFO     cv_attendance.cv_engine: [Perf] read=0.8ms | prep=0.0ms | detect=26.9ms | recognition=0.0ms | faces=0 | tracks=0 | active_tracks=0 | known_seen=1 | db_q=0 | log_q=0
[2026-07-02 21:21:53] INFO     cv_attendance.cv_engine: [Perf] read=4.6ms | prep=0.1ms | detect=44.9ms | recognition=0.0ms | faces=0 | tracks=0 | active_tracks=0 | known_seen=1 | db_q=0 | log_q=0
[2026-07-02 21:21:53] INFO     cv_attendance.cv_engine: [AttendanceFramePipeline] original=1920x536 | after_crop=826x500 | final_ai=826x500 | source_crop=True | ai_resize=False
[2026-07-02 21:21:56] INFO     cv_attendance.cv_engine: [Perf] read=0.5ms | prep=0.0ms | detect=27.2ms | recognition=0.0ms | faces=0 | tracks=0 | active_tracks=0 | known_seen=1 | db_q=0 | log_q=0
[2026-07-02 21:21:58] INFO     cv_attendance.cv_engine: [AttendanceFramePipeline] original=1920x536 | after_crop=826x500 | final_ai=826x500 | source_crop=True | ai_resize=False
[2026-07-02 21:21:59] INFO     cv_attendance.cv_engine: [Perf] read=0.7ms | prep=0.0ms | detect=26.0ms | recognition=0.0ms | faces=0 | tracks=0 | active_tracks=0 | known_seen=1 | db_q=0 | log_q=0
[2026-07-02 21:22:02] INFO     cv_attendance.cv_engine: [Perf] read=1.2ms | prep=0.0ms | detect=25.9ms | recognition=0.0ms | faces=0 | tracks=0 | active_tracks=0 | known_seen=1 | db_q=0 | log_q=0
[2026-07-02 21:22:03] INFO     cv_attendance.cv_engine: [AttendanceFramePipeline] original=1920x536 | after_crop=826x500 | final_ai=826x500 | source_crop=True | ai_resize=False
[2026-07-02 21:22:05] INFO     cv_attendance.cv_engine: [Perf] read=0.6ms | prep=0.0ms | detect=25.2ms | recognition=0.0ms | faces=0 | tracks=0 | active_tracks=0 | known_seen=1 | db_q=0 | log_q=0
[2026-07-02 21:22:08] INFO     cv_attendance.cv_engine: [Perf] read=0.5ms | prep=0.0ms | detect=27.9ms | recognition=0.0ms | faces=0 | tracks=0 | active_tracks=0 | known_seen=1 | db_q=0 | log_q=0
[2026-07-02 21:22:08] INFO     cv_attendance.cv_engine: [AttendanceFramePipeline] original=1920x536 | after_crop=826x500 | final_ai=826x500 | source_crop=True | ai_resize=False
[2026-07-02 21:22:09] INFO     cv_attendance.cv_engine: [CameraThread] Selesai.
[2026-07-02 21:22:09] INFO     cv_attendance.cv_engine: [DBWriter] Selesai.
[2026-07-02 21:22:09] INFO     cv_attendance.cv_engine: [SessionManager] WorshipSession 31 ditutup
[2026-07-02 21:22:10] INFO     cv_attendance.cv_engine: [SessionManager] Sesi 'Ibadah Raya Sabat' dihentikan.
